Species,Fruit_type,Dispersal_mode_detailed,Fruit_type_and_notes,Notes,References,
Acokanthera_oblongifolia,Fleshy,,Berry,"Fruit a globose, 1Ð2-seeded, purplish black to black berry. ",Kupicha (1982),
Acokanthera_oppositifolia,Fleshy,,Berry,"Fruit a globose, 1Ð2-seeded, purplish black to black berry. ",Kupicha (1982),
Acokanthera_rotundata,Fleshy,,Berry,"Fruit a globose, 1Ð2-seeded, purplish black to black berry. ",Kupicha (1982),
Adenium_obesum,Dry,,follicle,,"Plaizier, A. C. (1980). A revision of Adenium Roem. & Schult. and of Diplorhynchus Welw. ex Foc. & Hiern (Apocynaceae) (No. 80-12). Veenman.",
Aganosma_cymosa,Dry,,Follicle,Coma present.,Middleton (1996),
Aganosma_schlechteriana,Dry,,Follicle,Coma present.,Middleton (1996),
Aganosma_wallichii,Dry,,Follicle,Coma present.,Middleton (1996),
Alafia_barteri,Dry,,follicle,with coma,"Leeuwenberg, A. J. M. (1997). Series of revisions of Apocynaceae XLIII. Alafia Thouars. Kew bulletin, 769-839.",
Alafia_thouarsii,Dry,,follicle,with coma,"Leeuwenberg, A. J. M. (1997). Series of revisions of Apocynaceae XLIII. Alafia Thouars. Kew bulletin, 769-839.",
Allamanda_cathartica,Dry,,capsule,water or wind dispersal,"Fallen, M. E. (1985). The gynoecial development and systematic position of Allamanda (Apocynaceae). American Journal of Botany, 72(4), 572-579.; Kimmel, T. M., do Nascimento, L. M., Piechowski, D., Sampaio, E. V., Rodal, M. J. N., & Gottsberger, G. (2010). Pollination and seed dispersal modes of woody species of 12-year-old secondary forest in the Atlantic Forest region of Pernambuco, NE Brazil. Flora-Morphology, Distribution, Functional Ecology of Plants, 205(8), 540-547.",
Allamanda_schottii,Dry,,capsule,water or wind dispersal,"Fallen, M. E. (1985). The gynoecial development and systematic position of Allamanda (Apocynaceae). American Journal of Botany, 72(4), 572-579.; Kimmel, T. M., do Nascimento, L. M., Piechowski, D., Sampaio, E. V., Rodal, M. J. N., & Gottsberger, G. (2010). Pollination and seed dispersal modes of woody species of 12-year-old secondary forest in the Atlantic Forest region of Pernambuco, NE Brazil. Flora-Morphology, Distribution, Functional Ecology of Plants, 205(8), 540-547.",
Allomarkgrafia_brenesiana,Dry,,follicle,with coma,"Morales, J. F. (1997). A synopsis of the genus Allomarkgrafia (Apocynaceae). Brittonia, 49(3), 337-345.",
Allomarkgrafia_plumeriiflora,Dry,,follicle,with coma,"Morales, J. F. (1997). A synopsis of the genus Allomarkgrafia (Apocynaceae). Brittonia, 49(3), 337-345.",
Alstonia_scholaris,Dry,,,"seeds with hairs and wings, probably wind dispersed","De Jong, B. H. J. (1979). A revision of the African species of Alstonia R, Br.(Apocynaceae) (No. 79-13). Unknown Publisher.",
Alyxia_grandis,Fleshy,,drupe,,"Burns, K. C. (2016). Size changes in island plants: independent trait evolution in Alyxia ruscifolia (Apocynaceae) on Lord Howe Island. Biological Journal of the Linnean Society, 119(4), 847-855.",
Alyxia_oblongata,Fleshy,,drupe,,"Burns, K. C. (2016). Size changes in island plants: independent trait evolution in Alyxia ruscifolia (Apocynaceae) on Lord Howe Island. Biological Journal of the Linnean Society, 119(4), 847-855.",
Alyxia_reinwardtii,Fleshy,,drupe,,"Burns, K. C. (2016). Size changes in island plants: independent trait evolution in Alyxia ruscifolia (Apocynaceae) on Lord Howe Island. Biological Journal of the Linnean Society, 119(4), 847-855.",
Alyxia_spicata,Fleshy,,drupe,,"Burns, K. C. (2016). Size changes in island plants: independent trait evolution in Alyxia ruscifolia (Apocynaceae) on Lord Howe Island. Biological Journal of the Linnean Society, 119(4), 847-855.",
Amalocalyx_microlobus,Dry,,Follicle,Coma present.,Endress et al. (2018),
Ambelania_acida,Fleshy,,berry,"seeds not embedded in pulp, attached to fleshy funicles","Endress, M. E., Meve, U., Middleton, D. J., & Liede-Schumann, S. (2018). Apocynaceae. In Flowering Plants. Eudicots (pp. 207-411). Springer, Cham.",
Amphineurion_marginatum,Dry,,Follicle,Coma present.,Endress et al. (2018),
Amsonia_elliptica,Dry,,follicles,,"Endress, M. E., Meve, U., Middleton, D. J., & Liede-Schumann, S. (2018). Apocynaceae. In Flowering Plants. Eudicots (pp. 207-411). Springer, Cham.",
Amsonia_tabernaemontana,Dry,,follicles,,"Endress, M. E., Meve, U., Middleton, D. J., & Liede-Schumann, S. (2018). Apocynaceae. In Flowering Plants. Eudicots (pp. 207-411). Springer, Cham.",
Anemotrochus_viridivenius,Dry,,follicles,,Endress et al. (2018),
Angadenia_berteroi,Dry,,follicles,with coma,Endress et al. (2018),
Angadenia_sagraei,Dry,,follicles,with coma,Endress et al. (2018),
Anisotoma_cordifolia,Dry,,follicles,,Endress et al. (2018),
Anodendron_oblongifolium,Dry,,Follicle,Hairy seeds,Endress et al. (2018),
Anodendron_paniculatum,Dry,,Follicle,Hairy seeds,Endress et al. (2018),
Anomalluma_dodsoniana,Dry,,follicles,Hairy seeds.,Endress et al. (2018),
Anomalluma_mccoyi,Dry,,follicles,Hairy seeds.,Endress et al. (2018),
Apocynum_androsaemifolium,Dry,,Follicle,Coma present.,Endress et al. (2018),
Apocynum_cannabinum,Dry,,Follicle,Coma present.,Endress et al. (2018),
Apteranthes_burchardii,Dry,,follicles,,Endress et al. (2018),
Apteranthes_europaea,Dry,,follicles,,Endress et al. (2018),
Apteranthes_joannis,Dry,,follicles,,Endress et al. (2018),
Apteranthes_munbyana,Dry,,follicles,,Endress et al. (2018),
Apteranthes_staintonii,Dry,,follicles,,Endress et al. (2018),
Apteranthes_tuberculata,Dry,,follicles,,Endress et al. (2018),
Araujia_angustifolia,Dry,,follicles,,Endress et al. (2018),
Araujia_odorata,Dry,,follicles,,Endress et al. (2018),
Araujia_plumosa,Dry,,follicles,,Endress et al. (2018),
Araujia_sericifera,Dry,,follicles,,Endress et al. (2018),
Artia_balansae,Dry,,follicles,flat seed with coma,Endress et al. (2018),
Asclepias_albens,Dry,,Follicle,Seeds rarely lacking a coma.,Endress et al. (2018),
Asclepias_albicans,Dry,,Follicle,Seeds rarely lacking a coma.,Endress et al. (2018),
Asclepias_alpestris,Dry,,Follicles,Seeds rarely lacking a coma.,Endress et al. (2018),
Asclepias_amplexicaulis,Dry,,Follicle,Seeds rarely lacking a coma.,Endress et al. (2018),
Asclepias_angustifolia,Dry,,Follicle,Seeds rarely lacking a coma.,Endress et al. (2018),
Asclepias_arenaria,Dry,,Follicle,Seeds rarely lacking a coma.,Endress et al. (2018),
Asclepias_atroviolacea,Dry,,Follicles,Seeds rarely lacking a coma.,Endress et al. (2018),
Asclepias_aurea,Dry,,Follicles,Seeds rarely lacking a coma.,Endress et al. (2018),
Asclepias_auriculata,Dry,,Follicles,Seeds rarely lacking a coma.,Endress et al. (2018),
Asclepias_barjoniifolia,Dry,,Follicle,Seeds rarely lacking a coma.,Endress et al. (2018),
Asclepias_boliviensis,Dry,,Follicle,Seeds rarely lacking a coma.,Endress et al. (2018),
Asclepias_brachystephana,Dry,,Follicles,Seeds rarely lacking a coma.,Endress et al. (2018),
Asclepias_brevipes,Dry,,Follicle,Seeds rarely lacking a coma.,Endress et al. (2018),
Asclepias_buchwaldii,Dry,,Follicles,Seeds rarely lacking a coma.,Endress et al. (2018),
Asclepias_candida,Dry,,Follicle,Seeds rarely lacking a coma.,Endress et al. (2018),
Asclepias_cinerea,Dry,,Follicles,Seeds rarely lacking a coma.,Endress et al. (2018),
Asclepias_circinalis,Dry,,Follicles,Seeds rarely lacking a coma.,Endress et al. (2018),
Asclepias_connivens,Dry,,Follicle,Seeds rarely lacking a coma.,Endress et al. (2018),
Asclepias_cordifolia,Dry,,Follicle,Seeds rarely lacking a coma.,Endress et al. (2018),
Asclepias_coulteri,Dry,,Follicles,Seeds rarely lacking a coma.,Endress et al. (2018),
Asclepias_crispa,Dry,,Follicle,Seeds rarely lacking a coma.,Endress et al. (2018),
Asclepias_cucullata,Dry,,Follicle,Seeds rarely lacking a coma.,Endress et al. (2018),
Asclepias_curassavica,Dry,,Follicle,Seeds rarely lacking a coma.,Endress et al. (2018),
Asclepias_curtissii,Dry,,Follicle,Seeds rarely lacking a coma.,Endress et al. (2018),
Asclepias_cutleri,Dry,,Follicle,Seeds rarely lacking a coma.,Endress et al. (2018),
Asclepias_densiflora,Dry,,Follicles,Seeds rarely lacking a coma.,Endress et al. (2018),
Asclepias_elata,Dry,,Follicle,Seeds rarely lacking a coma.,Endress et al. (2018),
Asclepias_elegantula,Dry,,Follicles,Seeds rarely lacking a coma.,Endress et al. (2018),
Asclepias_emoryi,Dry,,Follicle,Seeds rarely lacking a coma.,Endress et al. (2018),
Asclepias_engelmanniana,Dry,,Follicle,Seeds rarely lacking a coma.,Endress et al. (2018),
Asclepias_eriocarpa,Dry,,Follicle,Seeds rarely lacking a coma.,Endress et al. (2018),
Asclepias_erosa,Dry,,Follicle,Seeds rarely lacking a coma.,Endress et al. (2018),
Asclepias_exaltata,Dry,,Follicle,Seeds rarely lacking a coma.,Endress et al. (2018),
Asclepias_fascicularis,Dry,,Follicle,Seeds rarely lacking a coma.,Endress et al. (2018),
Asclepias_feayi,Dry,,Follicle,Seeds rarely lacking a coma.,Endress et al. (2018),
Asclepias_flava,Dry,,Follicle,Seeds rarely lacking a coma.,Endress et al. (2018),
Asclepias_fournieri,Dry,,Follicles,Seeds rarely lacking a coma.,Endress et al. (2018),
Asclepias_gentryi,Dry,,Follicle,Seeds rarely lacking a coma.,Endress et al. (2018),
Asclepias_gibba,Dry,,Follicles,Seeds rarely lacking a coma.,Endress et al. (2018),
Asclepias_glaucescens,Dry,,Follicle,Seeds rarely lacking a coma.,Endress et al. (2018),
Asclepias_hallii,Dry,,Follicle,Seeds rarely lacking a coma.,Endress et al. (2018),
Asclepias_hirtella,Dry,,Follicle,Seeds rarely lacking a coma.,Endress et al. (2018),
Asclepias_humistrata,Dry,,Follicle,Seeds rarely lacking a coma.,Endress et al. (2018),
Asclepias_hypoleuca,Dry,,Follicles,Seeds rarely lacking a coma.,Endress et al. (2018),
Asclepias_inaequalis,Dry,,Follicle,Seeds rarely lacking a coma.,Endress et al. (2018),
Asclepias_incarnata,Dry,,Follicle,Seeds rarely lacking a coma.,Endress et al. (2018),
Asclepias_involucrata,Dry,,Follicle,Seeds rarely lacking a coma.,Endress et al. (2018),
Asclepias_jaliscana,Dry,,Follicles,Seeds rarely lacking a coma.,Endress et al. (2018),
Asclepias_jorgeana,Dry,,Follicles,Seeds rarely lacking a coma.,Endress et al. (2018),
Asclepias_labriformis,Dry,,Follicle,Seeds rarely lacking a coma.,Endress et al. (2018),
Asclepias_lanceolata,Dry,,Follicle,Seeds rarely lacking a coma.,Endress et al. (2018),
Asclepias_latifolia,Dry,,Follicle,Seeds rarely lacking a coma.,Endress et al. (2018),
Asclepias_lemmonii,Dry,,Follicles,Seeds rarely lacking a coma.,Endress et al. (2018),
Asclepias_leptopus,Dry,,Follicle,Seeds rarely lacking a coma.,Endress et al. (2018),
Asclepias_linaria,Dry,,Follicle,Seeds rarely lacking a coma.,Endress et al. (2018),
Asclepias_linearis,Dry,,Follicle,Seeds rarely lacking a coma.,Endress et al. (2018),
Asclepias_longifolia,Dry,,Follicle,Seeds rarely lacking a coma.,Endress et al. (2018),
Asclepias_lynchiana,Dry,,Follicle,Seeds rarely lacking a coma.,Endress et al. (2018),
Asclepias_macropus,Dry,,Follicles,Seeds rarely lacking a coma.,Endress et al. (2018),
Asclepias_macrosperma,Dry,,Follicle,Seeds rarely lacking a coma.,Endress et al. (2018),
Asclepias_macrotis,Dry,,Follicles,Seeds rarely lacking a coma.,Endress et al. (2018),
Asclepias_macroura,Dry,,Follicle,Seeds rarely lacking a coma.,Endress et al. (2018),
Asclepias_masonii,Dry,,Follicle,Seeds rarely lacking a coma.,Endress et al. (2018),
Asclepias_mcvaughii,Dry,,Follicle,Seeds rarely lacking a coma.,Endress et al. (2018),
Asclepias_meadii,Dry,,Follicle,Seeds rarely lacking a coma.,Endress et al. (2018),
Asclepias_melantha,Dry,,Follicles,Seeds rarely lacking a coma.,Endress et al. (2018),
Asclepias_mellodora,Dry,,Follicle,Seeds rarely lacking a coma.,Endress et al. (2018),
Asclepias_mexicana,Dry,,Follicle,Seeds rarely lacking a coma.,Endress et al. (2018),
Asclepias_michauxii,Dry,,Follicle,Seeds rarely lacking a coma.,Endress et al. (2018),
Asclepias_mirifica,Dry,,Follicle,Seeds rarely lacking a coma.,Endress et al. (2018),
Asclepias_multicaulis,Dry,,Follicles,Seeds rarely lacking a coma.,Endress et al. (2018),
Asclepias_nivea,Dry,,Follicle,Seeds rarely lacking a coma.,Endress et al. (2018),
Asclepias_notha,Dry,,Follicles,Seeds rarely lacking a coma.,Endress et al. (2018),
Asclepias_nummularia,Dry,,Follicles,Seeds rarely lacking a coma.,Endress et al. (2018),
Asclepias_nyctaginifolia,Dry,,Follicle,Seeds rarely lacking a coma.,Endress et al. (2018),
Asclepias_obovata,Dry,,Follicle,Seeds rarely lacking a coma.,Endress et al. (2018),
Asclepias_oenotheroides,Dry,,Follicle,Seeds rarely lacking a coma.,Endress et al. (2018),
Asclepias_otarioides,Dry,,Follicles,Seeds rarely lacking a coma.,Endress et al. (2018),
Asclepias_ovalifolia,Dry,,Follicle,Seeds rarely lacking a coma.,Endress et al. (2018),
Asclepias_ovata,Dry,,Follicles,Seeds rarely lacking a coma.,Endress et al. (2018),
Asclepias_pedicellata,Dry,,Follicle,Seeds rarely lacking a coma.,Endress et al. (2018),
Asclepias_pellucida,Dry,,Follicles,Seeds rarely lacking a coma.,Endress et al. (2018),
Asclepias_perennis,Dry,,Follicle,Seeds rarely lacking a coma.,Endress et al. (2018),
Asclepias_praemorsa,Dry,,Follicles,Seeds rarely lacking a coma.,Endress et al. (2018),
Asclepias_pratensis,Dry,,Follicle,Seeds rarely lacking a coma.,Endress et al. (2018),
Asclepias_prostrata,Dry,,Follicle,Seeds rarely lacking a coma.,Endress et al. (2018),
Asclepias_pseudofimbriata,Dry,,Follicles,Seeds rarely lacking a coma.,Endress et al. (2018),
Asclepias_puberula,Dry,,Follicles,Seeds rarely lacking a coma.,Endress et al. (2018),
Asclepias_pumila,Dry,,Follicle,Seeds rarely lacking a coma.,Endress et al. (2018),
Asclepias_purpurascens,Dry,,Follicle,Seeds rarely lacking a coma.,Endress et al. (2018),
Asclepias_quadrifolia,Dry,,Follicle,Seeds rarely lacking a coma.,Endress et al. (2018),
Asclepias_quinquedentata,Dry,,Follicles,Seeds rarely lacking a coma.,Endress et al. (2018),
Asclepias_randii,Dry,,Follicles,Seeds rarely lacking a coma.,Endress et al. (2018),
Asclepias_rosea,Dry,,Follicles,Seeds rarely lacking a coma.,Endress et al. (2018),
Asclepias_rubra,Dry,,Follicle,Seeds rarely lacking a coma.,Endress et al. (2018),
Asclepias_ruthiae,Dry,,Follicle,Seeds rarely lacking a coma.,Endress et al. (2018),
Asclepias_sanjuanensis,Dry,,Follicle,Seeds rarely lacking a coma.,Endress et al. (2018),
Asclepias_scaposa,Dry,,Follicles,Seeds rarely lacking a coma.,Endress et al. (2018),
Asclepias_schaffneri,Dry,,Follicles,Seeds rarely lacking a coma.,Endress et al. (2018),
Asclepias_scheryi,Dry,,Follicles,Seeds rarely lacking a coma.,Endress et al. (2018),
Asclepias_similis,Dry,,Follicles,Seeds rarely lacking a coma.,Endress et al. (2018),
Asclepias_solanoana,Dry,,Follicle,Seeds rarely lacking a coma.,Endress et al. (2018),
Asclepias_speciosa,Dry,,Follicle,Seeds rarely lacking a coma.,Endress et al. (2018),
Asclepias_spnovaffpringlei,Dry,,Follicles,Seeds rarely lacking a coma.,Endress et al. (2018),
Asclepias_standleyi,Dry,,Follicle,Seeds rarely lacking a coma.,Endress et al. (2018),
Asclepias_stathmostelmoides,Dry,,Follicles,Seeds rarely lacking a coma.,Endress et al. (2018),
Asclepias_stellifera,Dry,,Follicle,Seeds rarely lacking a coma.,Endress et al. (2018),
Asclepias_stenophylla,Dry,,Follicle,Seeds rarely lacking a coma.,Endress et al. (2018),
Asclepias_subaphylla,Dry,,Follicle,Seeds rarely lacking a coma.,Endress et al. (2018),
Asclepias_subulata,Dry,,Follicle,Seeds rarely lacking a coma.,Endress et al. (2018),
Asclepias_subverticillata,Dry,,Follicle,Seeds rarely lacking a coma.,Endress et al. (2018),
Asclepias_sullivantii,Dry,,Follicle,Seeds rarely lacking a coma.,Endress et al. (2018),
Asclepias_syriaca,Dry,,Follicle,Seeds rarely lacking a coma.,Endress et al. (2018),
Asclepias_texana,Dry,,Follicle,Seeds rarely lacking a coma.,Endress et al. (2018),
Asclepias_tomentosa,Dry,,Follicle,Seeds rarely lacking a coma.,Endress et al. (2018),
Asclepias_tuberosa,Dry,,Follicle,Seeds rarely lacking a coma.,Endress et al. (2018),
Asclepias_uncialis,Dry,,Follicle,Seeds rarely lacking a coma.,Endress et al. (2018),
Asclepias_variegata,Dry,,Follicle,Seeds rarely lacking a coma.,Endress et al. (2018),
Asclepias_verticillata,Dry,,Follicle,Seeds rarely lacking a coma.,Endress et al. (2018),
Asclepias_vinosa,Dry,,Follicles,Seeds rarely lacking a coma.,Endress et al. (2018),
Asclepias_viridiflora,Dry,,Follicle,Seeds rarely lacking a coma.,Endress et al. (2018),
Asclepias_viridis,Dry,,Follicle,Seeds rarely lacking a coma.,Endress et al. (2018),
Asclepias_viridula,Dry,,Follicle,Seeds rarely lacking a coma.,Endress et al. (2018),
Asclepias_virletii,Dry,,Follicles,Seeds rarely lacking a coma.,Endress et al. (2018),
Asclepias_welshii,Dry,,Follicle,Seeds rarely lacking a coma.,Endress et al. (2018),
Asclepias_woodii,Dry,,Follicle,Seeds rarely lacking a coma.,Endress et al. (2018),
Asclepias_woodsoniana,Dry,,Follicle,Seeds rarely lacking a coma.,Endress et al. (2018),
Asclepias_zanthodacryon,Dry,,Follicles,Seeds rarely lacking a coma.,Endress et al. (2018),
Aspidoglossum_heterophyllum,Dry,,Follicles,"Follicles fusiform or obclavate, often paired. Seeds ovate, winged, usually with white apical coma.",Endress et al. (2018),
Aspidonepsis_diploglossa,Dry,,Follicle,"Follicles fusiform or obclavate, often paired. Seeds ovate, winged, usually with white apical coma.",Endress et al. (2018),
Aspidonepsis_flava,Dry,,Follicle,"Follicles fusiform or obclavate, often paired. Seeds ovate, winged, usually with white apical coma.",Endress et al. (2018),
Aspidosperma_australe,Dry,,Follicles,winged seeds,,
Aspidosperma_cruentum,Dry,,Follicles,winged seeds,,
Aspidosperma_cylindrocarpon,Dry,,Follicles,winged seeds,,
Aspidosperma_marcgravianum,Dry,,Follicles,winged seeds,,
Aspidosperma_spruceanum,Dry,,Follicles,winged seeds,,
Astephanus_triflorus,Dry,,Follicles,Wingless seeds.,,
Australluma_peschii,Dry,,Follicles,,,
Baissea_leonensis,Dry,,Follicles,,,
Baissea_multiflora,Dry,,Follicles,,,
Barjonia_chlorifolia,Dry,,Follicles,Winged seeds.,Endress et al. (2018),
Barjonia_erecta,Dry,,Follicles,Winged seeds.,Endress et al. (2018),
Barjonia_glazioui,Dry,,Follicles,Winged seeds.,Endress et al. (2018),
Barjonia_laxa,Dry,,Follicles,Winged seeds.,Endress et al. (2018),
Beaumontia_grandiflora,Dry,,Follicle,Coma present.,Endress et al. (2018),
Biondia_henryi,Dry,,Follicles,,,
Blepharodon_ampliflorum,Dry,,Follicles,Wingless seeds.,Endress et al. (2018),
Blepharodon_bicuspidatum,Dry,,Follicles,Wingless seeds.,,
Blepharodon_costae,Dry,,Follicles,Wingless seeds.,,
Blepharodon_glaucescens,Dry,,Follicles,Wingless seeds.,,
Blepharodon_grandiflorum,Dry,,Follicles,Wingless seeds.,,
Blepharodon_lineare,Dry,,Follicles,Wingless seeds.,Endress et al. (2018),
Blepharodon_manicatum,Dry,,Follicles,Wingless seeds.,,
Blepharodon_mucronatum,Dry,,Follicles,Wingless seeds.,,
Blepharodon_pictum,Dry,,Follicles,Wingless seeds.,,
Blyttia_fruticulosa,Dry,,Follicles,,,
Boucerosia_crenulata,Dry,,Follicles,,,
Boucerosia_diffusa,Dry,,Follicles,,,
Boucerosia_frerei,Dry,,Follicles,,,
Boucerosia_indica,Dry,,Follicles,,,
Boucerosia_pauciflora,Dry,,Follicles,,,
Boucerosia_procumbens,Dry,,Follicles,,,
Boucerosia_truncatocoronata,Dry,,Follicles,,,
Boucerosia_umbellata,Dry,,Follicles,,,
Brachystelma_naorojii,Dry,,Follicles,,,
Cabucala_polysperma,Fleshy,,"Drupes variously colored, ",,,
Calciphila_galgalensis,Dry,,Follicles,Winged seeds.,Endress et al. (2018),
Calciphila_gillettii,Dry,,Follicles,Winged seeds.,Endress et al. (2018),
Callichilia_barteri,Dry,,Follicles,winged seeds,,
Callichilia_bequaertii,Dry,,Follicles,winged seeds,,
Callichilia_inaequalis,Dry,,Follicles,winged seeds,,
Callichilia_orientalis,Fleshy,,Follicles,winged seeds,,
Callichilia_subsessilis,Dry,,Follicles,winged seeds,,
Calocrater_preussii,Fleshy,,,ariled seeds,,
Calotropis_gigantea,Dry,,Follicles,,,
Calotropis_procera,Dry,,Follicles,,,
Camptocarpus_mauritianus,Dry,,Follicles,,,
Caralluma_arachnoidea,Dry,,Follicles,,,
Caralluma_bhupinderana,Dry,,Follicles,,,
Caralluma_dicapuae,Dry,,Follicles,,,
Caralluma_flavovirens,Dry,,Follicles,,,
Caralluma_furta,Dry,,Follicles,,,
Caralluma_peckii,Dry,,Follicles,,,
Caralluma_priogonium,Dry,,Follicles,,,
Caralluma_sarkariae,Dry,,Follicles,,,
Caralluma_stalagmifera,Dry,,Follicles,,,
Caralluma_subulata,Dry,,Follicles,,,
Caralluma_turneri,Dry,,Follicles,,,
Carissa_bispinosa,Fleshy,,Berry,"Fruit globose or oblong, red, purple, bluish black or black. ",Endress et al. (2018),
Carissa_carandas,Fleshy,,Berry,"Fruit globose or oblong, red, purple, bluish black or black. ",Endress et al. (2018),
Carissa_macrocarpa,Fleshy,,Berry,"Fruit globose or oblong, red, purple, bluish black or black. ",Endress et al. (2018),
Carissa_ovata,Fleshy,,Berry,"Fruit globose or oblong, red, purple, bluish black or black. ",Endress et al. (2018),
Carissa_spinarum,Fleshy,,Berry,"Fruit globose or oblong, red, purple, bluish black or black. ",Endress et al. (2018),
Carvalhoa_campanulata,Fleshy,,Follicles,"Aril dark orange, pulpy",changed to fleshy,
Catharanthus_roseus,Dry,,Follicles,,,
Caudanthera_edulis,Dry,,Follicles,,,
Caudanthera_sinaica,Dry,,Follicles,,,
Cerbera_manghas,Fleshy,,drupe,,,
Cerbera_odollam,Fleshy,,drupe,,,
Cerbera_venenifera,Fleshy,,drupe,,,
Ceropegia_bulbosa,Dry,,Follicles,,,
Ceropegia_dichotoma,Dry,,Follicles,,,
Ceropegia_intermedia,Dry,,Follicles,,,
Ceropegia_juncea,Dry,,Follicles,,,
Ceropegia_lawii,Dry,,Follicles,,,
Ceropegia_maccannii,Dry,,Follicles,,,
Ceropegia_media,Dry,,Follicles,,,
Ceropegia_panchganiensis,Dry,,Follicles,,,
Ceropegia_rollae,Dry,,Follicles,,,
Ceropegia_sahyadrica,Dry,,Follicles,,,
Chilocarpus_costatus,Fleshy,,,"Seeds globular-ovoid, with a corky aril on the funicle",,
Chilocarpus_rostratus,Fleshy,,,"Seeds globular-ovoid, with a corky aril on the funicle",,
Chilocarpus_suaveolens,Fleshy,,,"Seeds globular-ovoid, with a corky aril on the funicle",,
Chloropetalum_denticulatum,Dry,,Follicles,,,
Chonemorpha_fragrans,Dry,,Follicle,,Endress et al. (2018),
Cibirhiza_albersiana,Dry,,Follicles,,,
Cibirhiza_dhofarensis,Dry,,Follicles,,,
Cleghornia_malaccensis,Dry,,Follicle,Coma present.,Endress et al. (2018),
Condylocarpon_isthmicum,Fleshy,,drupe,,,
Cordylogyne_globosa,Dry,,Follicle,"Follicles fusiform or obclavate, often paired. Seeds ovate, winged, usually with white apical coma.",Endress et al. (2018),
Couma_guianensis,Fleshy,,"Glabrous, many-seeded berries with seeds embedded in pulpy placentas",,,
Craspidospermum_verticillatum,Dry,,Follicles,,,
Crioceras_dipladeniiflorum,Fleshy,,,"Aril thin, white.",,
Cryptolepis_buchananii,Dry,,Follicles,,,
Cryptolepis_capensis,Dry,,Follicles,,,
Cryptolepis_oblongifolia,Dry,,Follicles,,,
Cryptolepis_sinensis,Dry,,Follicles,,,
Cryptostegia_grandiflora,Dry,,Follicles,,,
Cryptostegia_madagascariensis,Dry,,Follicles,,,
Cycladenia_humilis,Dry,,Follicles,with coma,,
Cynanchum_abyssinicum,Dry,,Follicles,,,
Cynanchum_acutum,Dry,,Follicles,,,
Cynanchum_africanum,Dry,,Follicles,,,
Cynanchum_altiscandens,Dry,,Follicles,,,
Cynanchum_ampanihense,Dry,,Follicles,,,
Cynanchum_angavokeliense,Dry,,Follicles,,,
Cynanchum_appendiculatopsis,Dry,,Follicles,,,
Cynanchum_arenarium,Dry,,Follicles,,,
Cynanchum_auriculatum,Dry,,Follicles,,,
Cynanchum_blandum,Dry,,Follicles,,,
Cynanchum_boudieri,Dry,,Follicles,,,
Cynanchum_comorense,Dry,,Follicles,,,
Cynanchum_crassiantherae,Dry,,Follicles,,,
Cynanchum_crassipedicellatum,Dry,,Follicles,,,
Cynanchum_ellipticum,Dry,,Follicles,,,
Cynanchum_erythranthum,Dry,,Follicles,,,
Cynanchum_falcatum,Dry,,Follicles,,,
Cynanchum_floribundum,Dry,,Follicles,,,
Cynanchum_foetidum,Dry,,Follicles,,,
Cynanchum_folotsioides,Dry,,Follicles,,,
Cynanchum_gerrardii,Dry,,Follicles,,,
Cynanchum_grandidieri,Dry,,Follicles,,,
Cynanchum_hastifolium,Dry,,Follicles,,,
Cynanchum_implicatum,Dry,,Follicles,,,
Cynanchum_insigne,Dry,,Follicles,,,
Cynanchum_itremense,Dry,,Follicles,,,
Cynanchum_julianimarnieri,Dry,,Follicles,,,
Cynanchum_laeve,Dry,,Follicles,,,
Cynanchum_ligulatum,Dry,,Follicles,,,
Cynanchum_macranthum,Dry,,Follicles,,,
Cynanchum_madagascariense,Dry,,Follicles,,,
Cynanchum_marnieranum,Dry,,Follicles,,,
Cynanchum_messeri,Dry,,Follicles,,,
Cynanchum_mevei,Dry,,Follicles,,,
Cynanchum_meyeri,Dry,,Follicles,,,
Cynanchum_montevidense,Dry,,Follicles,,,
Cynanchum_moramangense,Dry,,Follicles,,,
Cynanchum_natalitium,Dry,,Follicles,,,
Cynanchum_obovatum,Dry,,Follicles,,,
Cynanchum_obtusifolium,Dry,,Follicles,,,
Cynanchum_orangeanum,Dry,,Follicles,,,
Cynanchum_ovalifolium,Dry,,Follicles,,,
Cynanchum_pachycladon,Dry,,Follicles,,,
Cynanchum_papillatum,Dry,,Follicles,,,
Cynanchum_pearsonianum,Dry,,Follicles,,,
Cynanchum_perrieri,Dry,,Follicles,,,
Cynanchum_phillipsonianum,Dry,,Follicles,,,
Cynanchum_polyanthum,Dry,,Follicles,,,
Cynanchum_praecox,Dry,,Follicles,,,
Cynanchum_pycnoneuroides,Dry,,Follicles,,,
Cynanchum_radiatum,Dry,,Follicles,,,
Cynanchum_rauhianum,Dry,,Follicles,,,
Cynanchum_repandum,Dry,,Follicles,,,
Cynanchum_rossii,Dry,,Follicles,,,
Cynanchum_roulinioides,Dry,,Follicles,,,
Cynanchum_rubricoronae,Dry,,Follicles,,,
Cynanchum_rungweense,Dry,,Follicles,,,
Cynanchum_sessiliflorum,Dry,,Follicles,,,
Cynanchum_sigridiae,Dry,,Follicles,,,
Cynanchum_thesioides,Dry,,Follicles,,,
Cynanchum_toliari,Dry,,Follicles,,,
Cynanchum_verrucosum,Dry,,Follicles,,,
Cynanchum_viminale,Dry,,Follicles,,,
Cynanchum_wilfordii,Dry,,Follicles,,,
Desmidorchis_acutangula,Dry,,Follicles,,,
Desmidorchis_adenensis,Dry,,Follicles,,,
Desmidorchis_awdeliana,Dry,,Follicles,,,
Desmidorchis_edithae,Dry,,Follicles,,,
Desmidorchis_lavranii,Dry,,Follicles,,,
Desmidorchis_speciosa,Dry,,Follicles,,,
Dewevrella_cochliostema,Dry,,,,,
Dictyanthus_parviflorus,Dry,,,,,
Dictyanthus_reticulatus,Dry,,,,,
Diplolepis_australis,Dry,,,,,
Diplolepis_biflora,Dry,,,,,
Diplolepis_boerhaviifolia,Dry,,,,,
Diplolepis_bulligera,Dry,,,,,
Diplolepis_descolei,Dry,,,,,
Diplolepis_diemii,Dry,,,,,
Diplolepis_geminiflora,Dry,,,,,
Diplolepis_hieronymi,Dry,,,,,
Diplolepis_menziesii,Dry,,,,,
Diplolepis_mucronata,Dry,,,,,
Diplolepis_nummulariifolia,Dry,,,,,
Diplolepis_pachyphylla,Dry,,,,,
Diplorhynchus_condylocarpon,Dry,,Follicles,winged seeds,,
Diplostigma_canescens,Dry,,Follicles,,,
Dischidia_astephana,Dry,,,,,
Dischidia_hirsuta,Dry,,,,,
Ditassa_auriflora,Dry,,,,,
Ditassa_banksii,Dry,,,,,
Ditassa_blanchetii,Dry,,,,,
Ditassa_burchellii,Dry,,,,,
Ditassa_capillaris,Dry,,,,,
Ditassa_conceptionis,Dry,,,,,
Ditassa_cordeiroana,Dry,,,,,
Ditassa_crassifolia,Dry,,,,,
Ditassa_eximia,Dry,,,,,
Ditassa_fasciculata,Dry,,,,,
Ditassa_hastata,Dry,,,,,
Ditassa_hispida,Dry,,,,,
Ditassa_mucronata,Dry,,,,,
Ditassa_niruri,Dry,,,,,
Ditassa_obcordata,Dry,,,,,
Ditassa_pohliana,Dry,,,,,
Ditassa_retusa,Dry,,,,,
Ditassa_rotundifolia,Dry,,,,,
Ditassa_tomentosa,Dry,,,,,
Duvalia_angustiloba,Dry,,,,,
Duvalia_eilensis,Dry,,,,,
Duvalia_polita,Dry,,,,,
Duvaliandra_dioscoridis,Dry,,,,,
Dyera_costulata,Dry,,Follicles,,,
Echidnopsis_cereiformis,Dry,,,,,
Echidnopsis_dammanniana,Dry,,,,,
Echidnopsis_leachii,Dry,,,,,
Echidnopsis_malum,Dry,,,,,
Echidnopsis_repens,Dry,,,,,
Echidnopsis_squamulata,Dry,,,,,
Echites_agglutinatus,Dry,,follicle,with coma,,
Echites_turriger,Dry,,follicle,with coma,,
Echites_umbellatus,Dry,,follicle,with coma,,
Echites_woodsonianus,Dry,,follicle,with coma,,
Ectadium_latifolium,Dry,,,,,
Edithcolea_grandis,Dry,,,,,
Elytropus_chilensis,Dry,,follicle,,,
Epigynum_auritum,Dry,,Follicle,Coma present.,Endress et al. (2018),
Epigynum_cochinchinense,Dry,,Follicle,Coma present.,Endress et al. (2018),
Epigynum_griffithianum,Dry,,Follicle,Coma present.,Endress et al. (2018),
Epigynum_ridleyi,Dry,,Follicle,Coma present.,Endress et al. (2018),
Eustegia_minuta,Dry,,,,,
Fanninia_caloglossa,Dry,,Follicle,"Follicles fusiform or obclavate, often paired. Seeds ovate, winged, usually with white apical coma.",Endress et al. (2018),
Farquharia_elliptica,Dry,,follicle,,,
Fernaldia_pandurata,Dry,,,,,
Finlaysonia_insularum,Dry,,,,,
Fockea_capensis,Dry,,,,,
Fockea_edulis,Dry,,,,,
Fockea_multiflora,Dry,,,,,
Forsteronia_acouci,Dry,,follicle,,,
Forsteronia_guyanensis,Dry,,follicle,,,
Forsteronia_refracta,Dry,,follicle,,,
Forsteronia_velloziana,Dry,,follicle,,,
Funastrum_arenarium,Dry,,,,,
Funastrum_clausum,Dry,,,,,
Funastrum_odoratum,Dry,,,,,
Funtumia_africana,Dry,,follicle,,,
Funtumia_elastica,Dry,,follicle,,,
Galactophora_schomburgkiana,Dry,,follicle,,,
Geissospermum_laeve,Fleshy,,berry,,,
Glossonema_boveanum,Dry,,,,,
Glossostelma_carsonii,Dry,,Follicles,"Follicles fusiform or obclavate, often paired. Seeds ovate, winged, usually with white apical coma.",Endress et al. (2018),
Gomphocarpus_abyssinicus,Dry,,Follicles,"Follicles fusiform or obclavate, often paired. Seeds ovate, winged, usually with white apical coma.",Endress et al. (2018),
Gomphocarpus_cancellatus,Dry,,Follicles,"Follicles fusiform or obclavate, often paired. Seeds ovate, winged, usually with white apical coma.",Endress et al. (2018),
Gomphocarpus_fruticosus,Dry,,Follicles,"Follicles fusiform or obclavate, often paired. Seeds ovate, winged, usually with white apical coma.",Endress et al. (2018),
Gomphocarpus_glaucophyllus,Dry,,Follicle,"Follicles fusiform or obclavate, often paired. Seeds ovate, winged, usually with white apical coma.",Endress et al. (2018),
Gomphocarpus_physocarpus,Dry,,Follicles,"Follicles fusiform or obclavate, often paired. Seeds ovate, winged, usually with white apical coma.",Endress et al. (2018),
Gomphocarpus_tomentosus,Dry,,Follicles,"Follicles fusiform or obclavate, often paired. Seeds ovate, winged, usually with white apical coma.",Endress et al. (2018),
Gonioanthela_hilariana,Dry,,,,,
Gonioma_kamassi,Dry,,follicles,winged seeds,,
Gonolobus_albomarginatus,Dry,,,,,
Gonolobus_arizonicus,Dry,,,,,
Gonolobus_barbatus,Dry,,,,,
Gonolobus_bibarbatus,Dry,,,,,
Gonolobus_breedlovei,Dry,,,,,
Gonolobus_chloranthus,Dry,,,,,
Gonolobus_fraternus,Dry,,,,,
Gonolobus_gonoloboides,Dry,,,,,
Gonolobus_grandiflorus,Dry,,,,,
Gonolobus_iyanolensis,Dry,,,,,
Gonolobus_jaliscensis,Dry,,,,,
Gonolobus_jamaicensis,Dry,,,,,
Gonolobus_niger,Dry,,,,,
Gonolobus_parviflorus,Dry,,,,,
Gonolobus_pectinatus,Dry,,,,,
Gonolobus_stenosepalus,Dry,,,,,
Gonolobus_stephanotrichus,Dry,,,,,
Gonolobus_suberosus,Dry,,,,,
Gonolobus_uniflorus,Dry,,,,,
Gonolobus_waitukubuliensis,Dry,,,,,
Gonolobus_xanthotrichus,Dry,,,,,
Goydera_somaliense,Dry,,Follicles,,,
Gunnessia_pepo,Dry,,,,,
Gymnanthera_oblonga,Dry,,,,,
Gymnema_sylvestre,Dry,,,,,
Hancornia_speciosa,Fleshy,,Berries few- seeded.,,,
Haplophyton_crooksii,Dry,,,with coma?,,
Hemidesmus_indicus,Dry,,,,,
Hemipogon_abietoides,Dry,,,,,
Hemipogon_acerosus,Dry,,,,,
Hemipogon_andinus,Dry,,,,,
Hemipogon_carassensis,Dry,,,,,
Hemipogon_harleyi,Dry,,,,,
Hemipogon_hatschbachii,Dry,,,,,
Hemipogon_hemipogonoides,Dry,,,,,
Hemipogon_luteus,Dry,,,,,
Hemipogon_sprucei,Dry,,,,,
Heterostemma_piperifolium,Dry,,,,,
Himatanthus_bracteatus,Dry,,follicle,winged seeds,,
Holarrhena_curtisii,Dry,,follicle,,,
Holarrhena_pubescens,Dry,,follicle,,,
Hoodia_gordonii,Dry,,,,,
Hoodia_officinalis,Dry,,,,,
Hoodia_triebneri,Dry,,,,,
Hoya_affinis,Dry,,Follicles,Winged seeds.,,
Hoya_albiflora,Dry,,Follicles,Winged seeds.,,
Hoya_anulata,Dry,,Follicles,Winged seeds.,,
Hoya_ariadna,Dry,,Follicles,Winged seeds.,,
Hoya_australis,Dry,,Follicles,Winged seeds.,,
Hoya_bilobata,Dry,,Follicles,Winged seeds.,,
Hoya_camphorifolia,Dry,,Follicles,Winged seeds.,,
Hoya_carnosa,Dry,,Follicles,Winged seeds.,,
Hoya_caudata,Dry,,Follicles,Winged seeds.,,
Hoya_ciliata,Dry,,Follicles,Winged seeds.,,
Hoya_curtisii,Dry,,Follicles,Winged seeds.,,
Hoya_edeni,Dry,,Follicles,Winged seeds.,,
Hoya_heuschkeliana,Dry,,Follicles,Winged seeds.,,
Hoya_imbricata,Dry,,Follicles,Winged seeds.,,
Hoya_inflata,Dry,,Follicles,Winged seeds.,,
Hoya_kentiana,Dry,,Follicles,Winged seeds.,,
Hoya_kerrii,Dry,,Follicles,Winged seeds.,,
Hoya_lacunosa,Dry,,Follicles,Winged seeds.,,
Hoya_macgillivrayi,Dry,,Follicles,Winged seeds.,,
Hoya_manipurensis,Dry,,Follicles,Winged seeds.,,
Hoya_mariae,Dry,,Follicles,Winged seeds.,,
Hoya_meliflua,Dry,,Follicles,Winged seeds.,,
Hoya_mitrata,Dry,,Follicles,Winged seeds.,,
Hoya_multiflora,Dry,,Follicles,Winged seeds.,,
Hoya_pauciflora,Dry,,Follicles,Winged seeds.,,
Hoya_pubicalyx,Dry,,Follicles,Winged seeds.,,
Hoya_retusa,Dry,,Follicles,Winged seeds.,,
Hoya_serpens,Dry,,Follicles,Winged seeds.,,
Hoya_telosmoides,Dry,,Follicles,Winged seeds.,,
Hoya_tsangii,Dry,,Follicles,Winged seeds.,,
Huernia_keniensis,Dry,,,,,
Huernia_kennedyana,Dry,,,,,
Hunteria_eburnea,Fleshy,,"Berries stipitate, subglo- bose to obovoid, yellow to orange, ",,,
Ichnocarpus_frutescens,Dry,,Follicle,Coma present.,Endress et al. (2018),
Ischnolepis_graminifolia,Dry,,,,,
Isonema_smeathmannii,Dry,,follicle,,,
Jobinia_formosa,Dry,,,,,
Jobinia_lindbergii,Dry,,,,,
Jobinia_streptantha,Dry,,,,,
Jobinia_tarmensis,Dry,,,,,
Kamettia_chandeei,Dry,,Follicles,,,
Kanahia_laniflora,Dry,,Follicles,,,
Kibatalia_macrophylla,Dry,,follicle,,,
Kopsia_fruticosa,Fleshy,,drupes,,,
Kopsia_pauciflora,Fleshy,,drupes,,,
Lacmellea_aculeata,Fleshy,,Berries yellow to orange ,,,
Larryleachia_perlata,Dry,,,,,
Laubertia_contorta,Dry,,follicle,,,
Lavrania_haagnerae,Dry,,,,,
Leptadenia_arborea,Dry,,,,,
Leptadenia_hastata,Dry,,,,,
Macoubea_guianensis,Fleshy,,berry,,,
Macroditassa_adnata,Dry,,,,,
Macroditassa_grandiflora,Dry,,,,,
Macroditassa_macrophylla,Dry,,,,,
Macroditassa_melantha,Dry,,,,,
Macroscepis_hirsuta,Dry,,,,,
Malouetia_bequaertiana,Dry,,follicle,,,
Malouetia_tamaquarina,Dry,,follicle,,,
Mandevilla_anceps,Dry,,Follicles,,,
Mandevilla_atroviolacea,Dry,,Follicles,,,
Mandevilla_boliviensis,Dry,,Follicles,,,
Mandevilla_brachysiphon,Dry,,Follicles,,,
Mandevilla_callista,Dry,,Follicles,,,
Mandevilla_cercophylla,Dry,,Follicles,,,
Mandevilla_coccinea,Dry,,Follicles,,,
Mandevilla_convolvulacea,Dry,,Follicles,,,
Mandevilla_dodsonii,Dry,,Follicles,,,
Mandevilla_duartei,Dry,,Follicles,,,
Mandevilla_emarginata,Dry,,Follicles,,,
Mandevilla_foliosa,Dry,,Follicles,,,
Mandevilla_fragrans,Dry,,Follicles,,,
Mandevilla_funiformis,Dry,,Follicles,,,
Mandevilla_glandulosa,Dry,,Follicles,,,
Mandevilla_hirsuta,Dry,,Follicles,,,
Mandevilla_hypoleuca,Dry,,Follicles,,,
Mandevilla_illustris,Dry,,Follicles,,,
Mandevilla_jamesonii,Dry,,Follicles,,,
Mandevilla_karwinskii,Dry,,Follicles,,,
Mandevilla_krukovii,Dry,,Follicles,,,
Mandevilla_lancifolia,Dry,,Follicles,,,
Mandevilla_laxa,Dry,,Follicles,,,
Mandevilla_leptophylla,Dry,,Follicles,,,
Mandevilla_ligustriflora,Dry,,Follicles,,,
Mandevilla_longiflora,Dry,,Follicles,,,
Mandevilla_martiana,Dry,,Follicles,,,
Mandevilla_martii,Dry,,Follicles,,,
Mandevilla_moricandiana,Dry,,Follicles,,,
Mandevilla_myriophyllum,Dry,,Follicles,,,
Mandevilla_nacapulensis,Dry,,Follicles,,,
Mandevilla_nerioides,Dry,,Follicles,,,
Mandevilla_oaxacana,Dry,,Follicles,,,
Mandevilla_pendula,Dry,,Follicles,,,
Mandevilla_pentlandiana,Dry,,Follicles,,,
Mandevilla_pohliana,Dry,,Follicles,,,
Mandevilla_pycnantha,Dry,,Follicles,,,
Mandevilla_rugosa,Dry,,Follicles,,,
Mandevilla_scabra,Dry,,Follicles,,,
Mandevilla_sellowii,Dry,,Follicles,,,
Mandevilla_spigeliiflora,Dry,,Follicles,,,
Mandevilla_splendens,Dry,,Follicles,,,
Mandevilla_subsagittata,Dry,,Follicles,,,
Mandevilla_subspicata,Dry,,Follicles,,,
Mandevilla_syrinx,Dry,,Follicles,,,
Mandevilla_tenuifolia,Dry,,Follicles,,,
Mandevilla_tricolor,Dry,,Follicles,,,
Mandevilla_tubiflora,Dry,,Follicles,,,
Mandevilla_urophylla,Dry,,Follicles,,,
Mandevilla_velame,Dry,,Follicles,,,
Mandevilla_venulosa,Dry,,Follicles,,,
Mandevilla_veraguasensis,Dry,,Follicles,,,
Marsdenia_angolensis,Dry,,,,,
Marsdenia_billardierei,Dry,,,,,
Marsdenia_carvalhoi,Dry,,,,,
Marsdenia_coulteri,Dry,,,,,
Marsdenia_glabra,Dry,,,,,
Marsdenia_suberosa,Dry,,,,,
Marsdenia_tenacissima,Dry,,,,,
Mascarenhasia_arborescens,Dry,,follicle,,,
Mascarenhasia_lisianthiflora,Dry,,follicle,,,
Matelea_bicolor,Dry,,,,,
Matelea_cordata,Dry,,,,,
Matelea_cordifolia,Dry,,,,,
Matelea_correllii,Dry,,,,,
Matelea_ekmanii,Dry,,,,,
Matelea_gonoloboides,Dry,,,,,
Matelea_inconspicua,Dry,,,,,
Matelea_lanata,Dry,,,,,
Matelea_nipensis,Dry,,,,,
Matelea_oblongata,Dry,,,,,
Matelea_pedalis,Dry,,,,,
Matelea_phainops,Dry,,,,,
Matelea_pubiflora,Dry,,,,,
Matelea_reticulata,Dry,,,,,
Matelea_rubra,Dry,,,,,
Matelea_sintenisii,Dry,,,,,
Matelea_tamnifolia,Dry,,,,,
Matelea_trachyantha,Dry,,,,,
Matelea_variifolia,Dry,,,,,
Melodinus_australis,Fleshy,,Fruit a subglobose to pear-shaped berry,,,
Melodinus_cochinchinensis,Fleshy,,Fruit a subglobose to pear-shaped berry,,,
Mesechites_mansoanus,Dry,,follicle,,,
Mesechites_minimus,Dry,,follicle,,,
Mesechites_roseus,Dry,,follicle,,,
Mesechites_trifidus,Dry,,follicle,,,
Metalepis_albiflora,Dry,,,,,
Metaplexis_japonica,Dry,,,,,
Metastelma_giuliettianum,Dry,,,,,
Metastelma_harleyi,Dry,,,,,
Metastelma_myrtifolium,Dry,,,,,
Metastelma_parviflorum,Dry,,,,,
Metastelma_schaffneri,Dry,,,,,
Micrechites_polyanthus,Dry,,Follicle,Coma present.,Endress et al. (2018),
Micrechites_rhombifolius,Dry,,Follicle,Coma present.,Endress et al. (2018),
Micrechites_serpyllifolius,Dry,,Follicle,Coma present.,Endress et al. (2018),
Microloma_tenuifolium,Dry,,,,,
Minaria_acerosa,Dry,,,,,
Minaria_cordata,Dry,,,,,
Minaria_decussata,Dry,,,,,
Minaria_ditassoides,Dry,,,,,
Minaria_grazielae,Dry,,,,,
Minaria_harleyi,Dry,,,,,
Minaria_magisteriana,Dry,,,,,
Minaria_micromeria,Dry,,,,,
Minaria_polygaloides,Dry,,,,,
Miraglossum_verticillare,Dry,,Follicle,"Follicles fusiform or obclavate, often paired. Seeds ovate, winged, usually with white apical coma.",Endress et al. (2018),
Molongum_laxum,Fleshy,,berry,,,
Mondia_ecornuta,Dry,,,,,
Mondia_whitei,Dry,,,,,
Monolluma_cicatricosa,Dry,,,,,
Monolluma_hexagona,Dry,,,,,
Monolluma_quadrangula,Dry,,,,,
Monolluma_socotrana,Dry,,,,,
Monolluma_solenophora,Dry,,,,,
Monsanima_morrenioides,Dry,,,,,
Motandra_guineensis,Dry,,,,,
Mucoa_duckei,Fleshy,,berry,,,
Nautonia_nummularia,Dry,,,,,
Neisosperma_poweri,Fleshy,,drupe,,,
Neobracea_bahamensis,Dry,,follicle,,,
Neobracea_ekmannii,Dry,,follicle,,,
Neobracea_valenzuelana,Dry,,follicle,,,
Neocouma_ternstroemiacea,Fleshy,,berry,,,
Neoschumannia_cardinea,Dry,,,,,
Neoschumannia_kamerunensis,Dry,,,,,
Nephradenia_acerosa,Dry,,,,,
Nephradenia_asparagoides,Dry,,,,,
Nephradenia_filipes,Dry,,,,,
Nerium_oleander,Dry,,follicle,,,
Notechidnopsis_tessellata,Dry,,,,,
Ochrosia_coccinea,Fleshy,,drupe,,,
Ochrosia_elliptica,Fleshy,,drupe,,,
Ochrosia_oppositifolia,Fleshy,,drupe,,,
Odontadenia_lutea,Dry,,follicles,,,
Odontadenia_perrottetii,Dry,,follicles,,,
Odontadenia_puncticulosa,Dry,,follicles,,,
Odontanthera_radians,Dry,,,,,
Oncinema_lineare,Dry,,,,,
Oncinotis_tenuiloba,Dry,,,,,
Ophionella_arcuata,Dry,,,,,
Orbea_carnosa,Dry,,,,,
Orbea_prognatha,Dry,,,,,
Orbea_semitubiflora,Dry,,,,,
Orbea_semota,Dry,,,,,
Orbea_variegata,Dry,,,,,
Orbeanthus_hardyi,Dry,,,,,
Orthanthera_albida,Dry,,,,,
Orthanthera_jasminiflora,Dry,,,,,
Orthosia_ellemannii,Dry,,,,,
Orthosia_kunthii,Dry,,,,,
Orthosia_scoparia,Dry,,,,,
Orthosia_urceolata,Dry,,,,,
Oxypetalum_appendiculatum,Dry,,,,,
Oxypetalum_balansae,Dry,,,,,
Oxypetalum_banksii,Dry,,,,,
Oxypetalum_brachystemma,Dry,,,,,
Oxypetalum_capitatum,Dry,,,,,
Oxypetalum_dactylostelma,Dry,,,,,
Oxypetalum_lanatum,Dry,,,,,
Oxypetalum_minarum,Dry,,,,,
Oxypetalum_pannosum,Dry,,,,,
Oxypetalum_pentasetum,Dry,,,,,
Oxypetalum_solanoides,Dry,,,,,
Oxypetalum_sublanatum,Dry,,,,,
Oxypetalum_sylvestre,Dry,,,,,
Oxypetalum_warmingii,Dry,,,,,
Oxypetalum_wightianum,Dry,,,,,
Oxystelma_esculentum,Dry,,Follicles,,,
Pachycarpus_appendiculatus,Dry,,Follicle,"Follicles fusiform or obclavate, often paired. Seeds ovate, winged, usually with white apical coma.",Endress et al. (2018),
Pachycarpus_concolor,Dry,,Follicle,"Follicles fusiform or obclavate, often paired. Seeds ovate, winged, usually with white apical coma.",Endress et al. (2018),
Pachycarpus_coronarius,Dry,,Follicle,"Follicles fusiform or obclavate, often paired. Seeds ovate, winged, usually with white apical coma.",Endress et al. (2018),
Pachycarpus_dealbatus,Dry,,Follicles,"Follicles fusiform or obclavate, often paired. Seeds ovate, winged, usually with white apical coma.",Endress et al. (2018),
Pachycarpus_goetzei,Dry,,Follicle,"Follicles fusiform or obclavate, often paired. Seeds ovate, winged, usually with white apical coma.",Endress et al. (2018),
Pachycarpus_lineolatus,Dry,,Follicles,"Follicles fusiform or obclavate, often paired. Seeds ovate, winged, usually with white apical coma.",Endress et al. (2018),
Pachycarpus_natalensis,Dry,,Follicle,"Follicles fusiform or obclavate, often paired. Seeds ovate, winged, usually with white apical coma.",Endress et al. (2018),
Pachypodium_baronii,Dry,,follicle,,,
Pachypodium_geayi,Dry,,follicle,,,
Pachypodium_lamerei,Dry,,follicle,,,
Pachypodium_saundersii,Dry,,follicle,,,
Papuechites_aambe,Dry,,Follicle,Coma present.,Endress et al. (2018),
Parahancornia_fasciculata,Fleshy,,"Berries many-seeded; pericarp thick, leathery. S",,,
Parameria_laevigata,Dry,,Follicle,Coma present.,Endress et al. (2018),
Parsonsia_crebriflora,Dry,,follicles,with coma,,
Parsonsia_eucalyptophylla,Dry,,follicles,with coma,,
Parsonsia_ferruginea,Dry,,follicles,with coma,,
Parsonsia_flexuosa,Dry,,follicles,with coma,,
Parsonsia_lata,Dry,,follicles,with coma,,
Parsonsia_longiflora,Dry,,follicles,with coma,,
Parsonsia_oligantha,Dry,,follicles,with coma,,
Pattalias_palustre,Dry,,,,,
Pectinaria_articulata,Dry,,,,,
Peltastes_isthmicus,Dry,,,,,
Peltastes_peltatus,Dry,,,,,
Pentacyphus_andinus,Dry,,,,,
Pentacyphus_lehmannii,Dry,,,,,
Pentalinon_luteum,Dry,,Follicles,with coma,,
Pentarrhinum_abyssinicum,Dry,,,,,
Pentarrhinum_gonoloboides,Dry,,,,,
Pentarrhinum_insipidum,Dry,,,,,
Pentarrhinum_somaliense,Dry,,,,,
Pentatropis_madagascariensis,Dry,,,,,
Pentatropis_nivalis,Dry,,,,,
Pentopetia_grevei,Dry,,,,,
Peplonia_asteria,Dry,,,,,
Peplonia_organensis,Dry,,,,,
Pergularia_daemia,Dry,,Follicles,,,
Periploca_graeca,Dry,,,,,
Periploca_laevigata,Dry,,,,,
Pervillaea_decaryi,Dry,,,,,
Pervillaea_phillipsonii,Dry,,,,,
Pervillaea_tomentosa,Dry,,,,,
Pervillaea_venenata,Dry,,,,,
Petalostelma_martianum,Dry,,,,,
Petalostelma_sarcostemma,Dry,,,,,
Petchia_ceylanica,Fleshy,,"Drupes variously colored, ",,,
Petopentia_natalensis,Dry,,,,,
Philibertia_boliviana,Dry,,,,,
Philibertia_candolleana,Dry,,,,,
Philibertia_discolor,Dry,,,,,
Philibertia_fontellae,Dry,,,,,
Philibertia_gilliesii,Dry,,,,,
Philibertia_globiflora,Dry,,,,,
Philibertia_lysimachioides,Dry,,,,,
Philibertia_multiflora,Dry,,,,,
Philibertia_parviflora,Dry,,,,,
Philibertia_peduncularis,Dry,,,,,
Philibertia_picta,Dry,,,,,
Phyllanthera_grayi,Dry,,,,,
Piaranthus_barrydalensis,Dry,,,,,
Piaranthus_comptus,Dry,,,,,
Piaranthus_decipiens,Dry,,,,,
Picralima_nitida,Fleshy,,"Berries obovoid to ellipsoid or pear- shaped, somewhat compressed, yellow to orange.",,,
Pinochia_corymbosa,Dry,,follicle,with coma,,
Plectaneia_thouarsii,Dry,,follicles,winged seeds,,
Pleiocarpa_mutica,Fleshy,,"Berries subglobose to obovoid, or elliptic, yellow to orange,",,,
Pleioceras_barteri,Dry,,follicle,,,
Pleurostelma_cernuum,Dry,,Follicles,,,
Plumeria_alba,Dry,,follicle,winged seeds,,
Plumeria_cubensis,Dry,,follicle,winged seeds,,
Plumeria_obtusa,Dry,,follicle,winged seeds,,
Plumeria_rubra,Dry,,follicle,winged seeds,,
Polystemma_guatemalense,Dry,,,,,
Polystemma_virdiflorum,Dry,,,,,
Pottsia_laxiflora,Dry,,Follicle,Coma present.,Endress et al. (2018),
Prestonia_coalita,Dry,,follicles,with coma,,
Prestonia_lagoensis,Dry,,follicles,with coma,,
Prestonia_mexicana,Dry,,follicles,with coma,,
Prestonia_portobellensis,Dry,,follicles,with coma,,
Prestonia_quinquangularis,Dry,,follicles,with coma,,
Prestonia_riedelii,Dry,,,,,
Prestonia_robusta,Dry,,follicles,with coma,,
Prestonia_tomentosa,Dry,,follicles,with coma,,
Prosthecidiscus_guatemalensis,Dry,,,,,
Pseudolithos_caputviperae,Dry,,,,,
Pseudolithos_migiurtinus,Dry,,,,,
Pteralyxia_kauaiensis,Fleshy,,drupe,,,
Quaqua_mammillaris,Dry,,,,,
Raphionacme_flanaganii,Dry,,,,,
Raphionacme_galpinii,Dry,,,,,
Raphionacme_monteiroae,Dry,,,,,
Raphionacme_welwitschii,Dry,,,,,
Rauvolfia_caffra,Fleshy,,"Drupes variously colored, ",,,
Rauvolfia_ligustrina,Fleshy,,"Drupes variously colored, ",,,
Rauvolfia_littoralis,Fleshy,,"Drupes variously colored, ",,,
Rauvolfia_mannii,Fleshy,,"Drupes variously colored, ",,,
Rauvolfia_sellowii,Fleshy,,"Drupes variously colored, ",,,
Rauvolfia_serpentina,Fleshy,,"Drupes variously colored, ",,,
Rauvolfia_sumatrana,Fleshy,,"Drupes variously colored, ",,,
Rauvolfia_tetraphylla,Fleshy,,"Drupes variously colored, ",,,
Rauvolfia_verticillata,Fleshy,,"Drupes variously colored, ",,,
Rauvolfia_vomitoria,Fleshy,,"Drupes variously colored, ",,,
Rhabdadenia_biflora,Dry,,Follicles,with coma,,
Rhabdadenia_macrostoma,Dry,,Follicles,with coma,,
Rhabdadenia_pohlii,Dry,,Follicles,with coma,,
Rhazya_stricta,Dry,,follicles,,,
Rhigospira_quadrangularis,Fleshy,,berry,,,
Rhodocalyx_rotundifolius,Dry,,follicle,with coma,,
Rhyssolobium_dumosum,Dry,,,,,
Rhytidocaulon_ciliatum,Dry,,,,,
Rhytidocaulon_fulleri,Dry,,,,,
Riocreuxia_torulosa,Dry,,,,,
Saba_comorensis,Fleshy,,Berries orange to red ,,,
Salpinctes_kalmiifolius,Dry,,follicles,,,
Schizoglossum_atropurpureum,Dry,,Follicle,"Follicles fusiform or obclavate, often paired. Seeds ovate, winged, usually with white apical coma.",Endress et al. (2018),
Schizoglossum_cordifolium,Dry,,Follicle,"Follicles fusiform or obclavate, often paired. Seeds ovate, winged, usually with white apical coma.",Endress et al. (2018),
Schizoglossum_eustegioides,Dry,,Follicle,"Follicles fusiform or obclavate, often paired. Seeds ovate, winged, usually with white apical coma.",Endress et al. (2018),
Schizoglossum_filiforme,Dry,,Follicle,"Follicles fusiform or obclavate, often paired. Seeds ovate, winged, usually with white apical coma.",Endress et al. (2018),
Schizostephanus_alatus,Dry,,,,,
Schizozygia_coffaeoides,Fleshy,,,"Aril thin, yellow to orange-red, pulpy.",changed to fleshy,
Schlechterella_abyssinica,Dry,,,,,
Schubertia_grandiflora,Dry,,,,,
Scyphostelma_beckii,Dry,,,,,
Scyphostelma_harlingii,Dry,,,,,
Scyphostelma_microphyllum,Dry,,,,,
Secamone_alpini,Dry,,,,,
Secamone_bosseri,Dry,,Follicles,seeds occasionally winged,,
Secamone_buxifolia,Dry,,Follicles,seeds occasionally winged,,
Secamone_castanea,Dry,,Follicles,seeds occasionally winged,,
Secamone_cloiselii,Dry,,Follicles,seeds occasionally winged,,
Secamone_cristata,Dry,,Follicles,seeds occasionally winged,,
Secamone_ecoronata,Dry,,Follicles,seeds occasionally winged,,
Secamone_elliottii,Dry,,Follicles,seeds occasionally winged,,
Secamone_elliptica,Dry,,Follicles,seeds occasionally winged,,
Secamone_falcata,Dry,,Follicles,seeds occasionally winged,,
Secamone_geayi,Dry,,Follicles,seeds occasionally winged,,
Secamone_glaberrima,Dry,,Follicles,seeds occasionally winged,,
Secamone_grandiflora,Dry,,Follicles,seeds occasionally winged,,
Secamone_humbertii,Dry,,Follicles,seeds occasionally winged,,
Secamone_ligustrifolia,Dry,,Follicles,seeds occasionally winged,,
Secamone_minutifolia,Dry,,Follicles,seeds occasionally winged,,
Secamone_oleifolia,Dry,,Follicles,seeds occasionally winged,,
Secamone_sparsiflora,Dry,,Follicles,seeds occasionally winged,,
Secamone_tenuifolia,Dry,,Follicles,seeds occasionally winged,,
Secamone_uncinata,Dry,,Follicles,seeds occasionally winged,,
Secamone_urceolata,Dry,,Follicles,seeds occasionally winged,,
Secamone_volubilis,Dry,,Follicles,seeds occasionally winged,,
Secamonopsis_madagascariensis,Dry,,,,,
Secamonopsis_microphylla,Dry,,,,,
Secondatia_densiflora,Dry,,follicles,,,
Sindechites_henryi,Dry,,Follicle,Coma present.,Endress et al. (2018),
Sisyranthus_trichostomus,Dry,,,,,
Skytanthus_acutus,Dry,,follicle,winged seeds,,
Solenostemma_argel,Dry,,Follicles,,,
Spirolobium_cambodianum,Dry,,follicle,,,
Spongiosperma_macrophyllum,Fleshy,,berry,,,
Stapelia_glanduliflora,Dry,,,,,
Stapelia_leendertziae,Dry,,,,,
Stapelia_rufa,Dry,,,,,
Stapelianthus_decaryi,Dry,,,,,
Stapeliopsis_neronis,Dry,,,,,
Stathmostelma_diversifolium,Dry,,Follicles,"Follicles fusiform or obclavate, often paired. Seeds ovate, winged, usually with white apical coma.",Endress et al. (2018),
Stathmostelma_gigantiflorum,Dry,,Follicles,"Follicles fusiform or obclavate, often paired. Seeds ovate, winged, usually with white apical coma.",Endress et al. (2018),
Stathmostelma_pauciflorum,Dry,,Follicles,"Follicles fusiform or obclavate, often paired. Seeds ovate, winged, usually with white apical coma.",Endress et al. (2018),
Stemmadenia_alfaroi,Fleshy,,,,changed to fleshy,
Stemmadenia_donnellsmithii,Fleshy,,"Muskin, A., & Fischgrund, A. J. (1981). Seed dispersal of Stemmadenia (Apocynaceae) and sexually dimorphic feeding strategies by Ateles in Tikal, Guatemala. Biotropica, 13(2), 78-80.",,changed to fleshy,
Stemmadenia_litoralis,Fleshy,,,,changed to fleshy,
Stemmadenia_macrophylla,Fleshy,,,,changed to fleshy,
Stemmadenia_obovata,Fleshy,,,,changed to fleshy,
Stemmadenia_simulans,Fleshy,,,,changed to fleshy,
Stenostelma_corniculatum,Dry,,Follicles,"Follicles fusiform or obclavate, often paired. Seeds ovate, winged, usually with white apical coma.",Endress et al. (2018),
Stephanostema_stenocarpum,Dry,,follicle,,,
Stephanotis_floribunda,Dry,,,,,
Stipecoma_peltigera,Dry,,follicles,,,
Stomatostemma_monteiroae,Dry,,,,,
Streptoechites_chinensis,Dry,,Follicle,Coma present.,Endress et al. (2018),
Strophanthus_boivinii,Dry,,follicle,,,
Strophanthus_caudatus,Dry,,follicle,,,
Strophanthus_preussii,Dry,,follicle,,,
Suberogerens_cyclophylla,Dry,,,,,
Tabernaemontana_africana,Fleshy,,berry,,,
Tabernaemontana_alba,Fleshy,," Fruit with fleshy, rarely woody, pericarp, endocarp not stony; either a berry with the non-arillate seeds embedded in pulp or projecting into the ovary on enlarged funicles (Ambelaniinae) or a pair of follicles (these sometimes hemi-syncarpous) with arillate seeds (most Tabernaemontaninae).",,,"Alvarado-Cardenas, L. O., Lozada-Perez, L., CADENA, J., Islas-Hernandez, S., MARTêNEZ-GONZçLEZ, C. R., CORTEZ, E. B., ... & GONZçLEZ-RAMêREZ, I. S. (2019). The triad of knowledge: Systematic, diversity and conservation status of the Mexican species of Tabernaemontana (Apocynaceae; Rauvolfioideae: tribe Tabernaemontaneae). Phytotaxa, 388(1), 1-46."
Tabernaemontana_amygdalifolia,Fleshy,," Fruit with fleshy, rarely woody, pericarp, endocarp not stony; either a berry with the non-arillate seeds embedded in pulp or projecting into the ovary on enlarged funicles (Ambelaniinae) or a pair of follicles (these sometimes hemi-syncarpous) with arillate seeds (most Tabernaemontaninae).",aril similar to Stemmadenia_donnellsmithii ,changed to fleshy,"McDiarmid, R. W., Ricklefs, R. E., & Foster, M. S. (1977). Dispersal of Stemmadenia donnell-smithii (Apocynaceae) by birds. Biotropica, 9-25."
Tabernaemontana_angulata,Fleshy,," Fruit with fleshy, rarely woody, pericarp, endocarp not stony; either a berry with the non-arillate seeds embedded in pulp or projecting into the ovary on enlarged funicles (Ambelaniinae) or a pair of follicles (these sometimes hemi-syncarpous) with arillate seeds (most Tabernaemontaninae).",,,
Tabernaemontana_arborea,Fleshy,," Fruit with fleshy, rarely woody, pericarp, endocarp not stony; either a berry with the non-arillate seeds embedded in pulp or projecting into the ovary on enlarged funicles (Ambelaniinae) or a pair of follicles (these sometimes hemi-syncarpous) with arillate seeds (most Tabernaemontaninae).",,,
Tabernaemontana_aurantiaca,Fleshy,,,,,
Tabernaemontana_brachyantha,Fleshy,," Fruit with fleshy, rarely woody, pericarp, endocarp not stony; either a berry with the non-arillate seeds embedded in pulp or projecting into the ovary on enlarged funicles (Ambelaniinae) or a pair of follicles (these sometimes hemi-syncarpous) with arillate seeds (most Tabernaemontaninae).",,,
Tabernaemontana_bufalina,Fleshy,," Fruit with fleshy, rarely woody, pericarp, endocarp not stony; either a berry with the non-arillate seeds embedded in pulp or projecting into the ovary on enlarged funicles (Ambelaniinae) or a pair of follicles (these sometimes hemi-syncarpous) with arillate seeds (most Tabernaemontaninae).",,,
Tabernaemontana_calcarea,Fleshy,," Fruit with fleshy, rarely woody, pericarp, endocarp not stony; either a berry with the non-arillate seeds embedded in pulp or projecting into the ovary on enlarged funicles (Ambelaniinae) or a pair of follicles (these sometimes hemi-syncarpous) with arillate seeds (most Tabernaemontaninae).",,,
Tabernaemontana_capuronii,Fleshy,," Fruit with fleshy, rarely woody, pericarp, endocarp not stony; either a berry with the non-arillate seeds embedded in pulp or projecting into the ovary on enlarged funicles (Ambelaniinae) or a pair of follicles (these sometimes hemi-syncarpous) with arillate seeds (most Tabernaemontaninae).",,,
Tabernaemontana_catharinensis,Fleshy,," Fruit with fleshy, rarely woody, pericarp, endocarp not stony; either a berry with the non-arillate seeds embedded in pulp or projecting into the ovary on enlarged funicles (Ambelaniinae) or a pair of follicles (these sometimes hemi-syncarpous) with arillate seeds (most Tabernaemontaninae).",aril on seeds,changed to fleshy,"Canaveze, Y., & Machado, S. R. (2016). The occurrence of intrusive growth associated with articulated laticifers in Tabernaemontana catharinensis A. DC., a new record for Apocynaceae. International Journal of Plant Sciences, 177(5), 458-467."
Tabernaemontana_cerifera,Fleshy,," Fruit with fleshy, rarely woody, pericarp, endocarp not stony; either a berry with the non-arillate seeds embedded in pulp or projecting into the ovary on enlarged funicles (Ambelaniinae) or a pair of follicles (these sometimes hemi-syncarpous) with arillate seeds (most Tabernaemontaninae).",,,
Tabernaemontana_ciliata,Fleshy,," Fruit with fleshy, rarely woody, pericarp, endocarp not stony; either a berry with the non-arillate seeds embedded in pulp or projecting into the ovary on enlarged funicles (Ambelaniinae) or a pair of follicles (these sometimes hemi-syncarpous) with arillate seeds (most Tabernaemontaninae).",,,
Tabernaemontana_citrifolia,Fleshy,," Fruit with fleshy, rarely woody, pericarp, endocarp not stony; either a berry with the non-arillate seeds embedded in pulp or projecting into the ovary on enlarged funicles (Ambelaniinae) or a pair of follicles (these sometimes hemi-syncarpous) with arillate seeds (most Tabernaemontaninae).",,,
Tabernaemontana_coffeoides,Fleshy,," Fruit with fleshy, rarely woody, pericarp, endocarp not stony; either a berry with the non-arillate seeds embedded in pulp or projecting into the ovary on enlarged funicles (Ambelaniinae) or a pair of follicles (these sometimes hemi-syncarpous) with arillate seeds (most Tabernaemontaninae).",,,
Tabernaemontana_columbiensis,Fleshy,," Fruit with fleshy, rarely woody, pericarp, endocarp not stony; either a berry with the non-arillate seeds embedded in pulp or projecting into the ovary on enlarged funicles (Ambelaniinae) or a pair of follicles (these sometimes hemi-syncarpous) with arillate seeds (most Tabernaemontaninae).",,,
Tabernaemontana_contorta,Fleshy,,berry,,changed to fleshy,simoes
Tabernaemontana_coriacea,Fleshy,," Fruit with fleshy, rarely woody, pericarp, endocarp not stony; either a berry with the non-arillate seeds embedded in pulp or projecting into the ovary on enlarged funicles (Ambelaniinae) or a pair of follicles (these sometimes hemi-syncarpous) with arillate seeds (most Tabernaemontaninae).",,,
Tabernaemontana_crassa,Fleshy,," Fruit with fleshy, rarely woody, pericarp, endocarp not stony; either a berry with the non-arillate seeds embedded in pulp or projecting into the ovary on enlarged funicles (Ambelaniinae) or a pair of follicles (these sometimes hemi-syncarpous) with arillate seeds (most Tabernaemontaninae).",,,
Tabernaemontana_crassifolia,Fleshy,," Fruit with fleshy, rarely woody, pericarp, endocarp not stony; either a berry with the non-arillate seeds embedded in pulp or projecting into the ovary on enlarged funicles (Ambelaniinae) or a pair of follicles (these sometimes hemi-syncarpous) with arillate seeds (most Tabernaemontaninae).",,,
Tabernaemontana_crispa,Fleshy,," Fruit with fleshy, rarely woody, pericarp, endocarp not stony; either a berry with the non-arillate seeds embedded in pulp or projecting into the ovary on enlarged funicles (Ambelaniinae) or a pair of follicles (these sometimes hemi-syncarpous) with arillate seeds (most Tabernaemontaninae).",,,
Tabernaemontana_cuspidata,Fleshy,," Fruit with fleshy, rarely woody, pericarp, endocarp not stony; either a berry with the non-arillate seeds embedded in pulp or projecting into the ovary on enlarged funicles (Ambelaniinae) or a pair of follicles (these sometimes hemi-syncarpous) with arillate seeds (most Tabernaemontaninae).",,,
Tabernaemontana_cymosa,Fleshy,," Fruit with fleshy, rarely woody, pericarp, endocarp not stony; either a berry with the non-arillate seeds embedded in pulp or projecting into the ovary on enlarged funicles (Ambelaniinae) or a pair of follicles (these sometimes hemi-syncarpous) with arillate seeds (most Tabernaemontaninae).",,,
Tabernaemontana_disticha,Fleshy,," Fruit with fleshy, rarely woody, pericarp, endocarp not stony; either a berry with the non-arillate seeds embedded in pulp or projecting into the ovary on enlarged funicles (Ambelaniinae) or a pair of follicles (these sometimes hemi-syncarpous) with arillate seeds (most Tabernaemontaninae).",,,
Tabernaemontana_divaricata,Fleshy,,folicle, red pulpy aril ,chaged to fleshy,"Khan, M. S. A. (2011). Gastroprotective effect of Tabernaemontana divaricata (Linn.) R. Br. Flower methanolic extract in wistar rats. Journal of Pharmaceutical Research International, 88-98."
Tabernaemontana_eglandulosa,Fleshy,," Fruit with fleshy, rarely woody, pericarp, endocarp not stony; either a berry with the non-arillate seeds embedded in pulp or projecting into the ovary on enlarged funicles (Ambelaniinae) or a pair of follicles (these sometimes hemi-syncarpous) with arillate seeds (most Tabernaemontaninae).",,,
Tabernaemontana_elegans,Fleshy,," Fruit with fleshy, rarely woody, pericarp, endocarp not stony; either a berry with the non-arillate seeds embedded in pulp or projecting into the ovary on enlarged funicles (Ambelaniinae) or a pair of follicles (these sometimes hemi-syncarpous) with arillate seeds (most Tabernaemontaninae).",,,
Tabernaemontana_eusepala,Fleshy,," Fruit with fleshy, rarely woody, pericarp, endocarp not stony; either a berry with the non-arillate seeds embedded in pulp or projecting into the ovary on enlarged funicles (Ambelaniinae) or a pair of follicles (these sometimes hemi-syncarpous) with arillate seeds (most Tabernaemontaninae).",,,
Tabernaemontana_flavicans,Fleshy,," Fruit with fleshy, rarely woody, pericarp, endocarp not stony; either a berry with the non-arillate seeds embedded in pulp or projecting into the ovary on enlarged funicles (Ambelaniinae) or a pair of follicles (these sometimes hemi-syncarpous) with arillate seeds (most Tabernaemontaninae).",,,
Tabernaemontana_glandulosa,Fleshy,," Fruit with fleshy, rarely woody, pericarp, endocarp not stony; either a berry with the non-arillate seeds embedded in pulp or projecting into the ovary on enlarged funicles (Ambelaniinae) or a pair of follicles (these sometimes hemi-syncarpous) with arillate seeds (most Tabernaemontaninae).",,,
Tabernaemontana_heterophylla,Fleshy,," Fruit with fleshy, rarely woody, pericarp, endocarp not stony; either a berry with the non-arillate seeds embedded in pulp or projecting into the ovary on enlarged funicles (Ambelaniinae) or a pair of follicles (these sometimes hemi-syncarpous) with arillate seeds (most Tabernaemontaninae).",,,
Tabernaemontana_humblotii,Fleshy,," Fruit with fleshy, rarely woody, pericarp, endocarp not stony; either a berry with the non-arillate seeds embedded in pulp or projecting into the ovary on enlarged funicles (Ambelaniinae) or a pair of follicles (these sometimes hemi-syncarpous) with arillate seeds (most Tabernaemontaninae).",,,
Tabernaemontana_hystrix,Fleshy,," Fruit with fleshy, rarely woody, pericarp, endocarp not stony; either a berry with the non-arillate seeds embedded in pulp or projecting into the ovary on enlarged funicles (Ambelaniinae) or a pair of follicles (these sometimes hemi-syncarpous) with arillate seeds (most Tabernaemontaninae).",,,
Tabernaemontana_inconspicua,Fleshy,,berry,,,
Tabernaemontana_laeta,Fleshy,," Fruit with fleshy, rarely woody, pericarp, endocarp not stony; either a berry with the non-arillate seeds embedded in pulp or projecting into the ovary on enlarged funicles (Ambelaniinae) or a pair of follicles (these sometimes hemi-syncarpous) with arillate seeds (most Tabernaemontaninae).",,,
Tabernaemontana_letestui,Fleshy,," Fruit with fleshy, rarely woody, pericarp, endocarp not stony; either a berry with the non-arillate seeds embedded in pulp or projecting into the ovary on enlarged funicles (Ambelaniinae) or a pair of follicles (these sometimes hemi-syncarpous) with arillate seeds (most Tabernaemontaninae).",,,
Tabernaemontana_lorifera,Fleshy,," Fruit with fleshy, rarely woody, pericarp, endocarp not stony; either a berry with the non-arillate seeds embedded in pulp or projecting into the ovary on enlarged funicles (Ambelaniinae) or a pair of follicles (these sometimes hemi-syncarpous) with arillate seeds (most Tabernaemontaninae).",,,
Tabernaemontana_macrocalyx,Fleshy,," Fruit with fleshy, rarely woody, pericarp, endocarp not stony; either a berry with the non-arillate seeds embedded in pulp or projecting into the ovary on enlarged funicles (Ambelaniinae) or a pair of follicles (these sometimes hemi-syncarpous) with arillate seeds (most Tabernaemontaninae).",,,
Tabernaemontana_macrocarpa,Fleshy,,berry,,chaged to fleshy,simoes
Tabernaemontana_markgrafiana,Fleshy,," Fruit with fleshy, rarely woody, pericarp, endocarp not stony; either a berry with the non-arillate seeds embedded in pulp or projecting into the ovary on enlarged funicles (Ambelaniinae) or a pair of follicles (these sometimes hemi-syncarpous) with arillate seeds (most Tabernaemontaninae).",,,
Tabernaemontana_mocquerysi,Fleshy,," Fruit with fleshy, rarely woody, pericarp, endocarp not stony; either a berry with the non-arillate seeds embedded in pulp or projecting into the ovary on enlarged funicles (Ambelaniinae) or a pair of follicles (these sometimes hemi-syncarpous) with arillate seeds (most Tabernaemontaninae).",,,
Tabernaemontana_muricata,Fleshy,," Fruit with fleshy, rarely woody, pericarp, endocarp not stony; either a berry with the non-arillate seeds embedded in pulp or projecting into the ovary on enlarged funicles (Ambelaniinae) or a pair of follicles (these sometimes hemi-syncarpous) with arillate seeds (most Tabernaemontaninae).",,,
Tabernaemontana_odoratissima,Fleshy,," Fruit with fleshy, rarely woody, pericarp, endocarp not stony; either a berry with the non-arillate seeds embedded in pulp or projecting into the ovary on enlarged funicles (Ambelaniinae) or a pair of follicles (these sometimes hemi-syncarpous) with arillate seeds (most Tabernaemontaninae).",,,
Tabernaemontana_pachysiphon,Fleshy,," Fruit with fleshy, rarely woody, pericarp, endocarp not stony; either a berry with the non-arillate seeds embedded in pulp or projecting into the ovary on enlarged funicles (Ambelaniinae) or a pair of follicles (these sometimes hemi-syncarpous) with arillate seeds (most Tabernaemontaninae).",,,
Tabernaemontana_pandacaqui,Fleshy,," Fruit with fleshy, rarely woody, pericarp, endocarp not stony; either a berry with the non-arillate seeds embedded in pulp or projecting into the ovary on enlarged funicles (Ambelaniinae) or a pair of follicles (these sometimes hemi-syncarpous) with arillate seeds (most Tabernaemontaninae).",,,
Tabernaemontana_pauciflora,Fleshy,," Fruit with fleshy, rarely woody, pericarp, endocarp not stony; either a berry with the non-arillate seeds embedded in pulp or projecting into the ovary on enlarged funicles (Ambelaniinae) or a pair of follicles (these sometimes hemi-syncarpous) with arillate seeds (most Tabernaemontaninae).",,,
Tabernaemontana_peduncularis,Fleshy,," Fruit with fleshy, rarely woody, pericarp, endocarp not stony; either a berry with the non-arillate seeds embedded in pulp or projecting into the ovary on enlarged funicles (Ambelaniinae) or a pair of follicles (these sometimes hemi-syncarpous) with arillate seeds (most Tabernaemontaninae).",,,
Tabernaemontana_penduliflora,Fleshy,," Fruit with fleshy, rarely woody, pericarp, endocarp not stony; either a berry with the non-arillate seeds embedded in pulp or projecting into the ovary on enlarged funicles (Ambelaniinae) or a pair of follicles (these sometimes hemi-syncarpous) with arillate seeds (most Tabernaemontaninae).",,,
Tabernaemontana_persicariifolia,Fleshy,," Fruit with fleshy, rarely woody, pericarp, endocarp not stony; either a berry with the non-arillate seeds embedded in pulp or projecting into the ovary on enlarged funicles (Ambelaniinae) or a pair of follicles (these sometimes hemi-syncarpous) with arillate seeds (most Tabernaemontaninae).",,,
Tabernaemontana_phymata,Fleshy,," Fruit with fleshy, rarely woody, pericarp, endocarp not stony; either a berry with the non-arillate seeds embedded in pulp or projecting into the ovary on enlarged funicles (Ambelaniinae) or a pair of follicles (these sometimes hemi-syncarpous) with arillate seeds (most Tabernaemontaninae).",,,
Tabernaemontana_psorocarpa,Fleshy,," Fruit with fleshy, rarely woody, pericarp, endocarp not stony; either a berry with the non-arillate seeds embedded in pulp or projecting into the ovary on enlarged funicles (Ambelaniinae) or a pair of follicles (these sometimes hemi-syncarpous) with arillate seeds (most Tabernaemontaninae).",,,
Tabernaemontana_retusa,Fleshy,," Fruit with fleshy, rarely woody, pericarp, endocarp not stony; either a berry with the non-arillate seeds embedded in pulp or projecting into the ovary on enlarged funicles (Ambelaniinae) or a pair of follicles (these sometimes hemi-syncarpous) with arillate seeds (most Tabernaemontaninae).",,,
Tabernaemontana_rupicola,Fleshy,," Fruit with fleshy, rarely woody, pericarp, endocarp not stony; either a berry with the non-arillate seeds embedded in pulp or projecting into the ovary on enlarged funicles (Ambelaniinae) or a pair of follicles (these sometimes hemi-syncarpous) with arillate seeds (most Tabernaemontaninae).",,,
Tabernaemontana_salzmannii,Fleshy,," Fruit with fleshy, rarely woody, pericarp, endocarp not stony; either a berry with the non-arillate seeds embedded in pulp or projecting into the ovary on enlarged funicles (Ambelaniinae) or a pair of follicles (these sometimes hemi-syncarpous) with arillate seeds (most Tabernaemontaninae).",,,
Tabernaemontana_sambiranensis,Fleshy,," Fruit with fleshy, rarely woody, pericarp, endocarp not stony; either a berry with the non-arillate seeds embedded in pulp or projecting into the ovary on enlarged funicles (Ambelaniinae) or a pair of follicles (these sometimes hemi-syncarpous) with arillate seeds (most Tabernaemontaninae).",,,
Tabernaemontana_sananho,Fleshy,,berry,,,simoes
Tabernaemontana_sessilifolia,Fleshy,," Fruit with fleshy, rarely woody, pericarp, endocarp not stony; either a berry with the non-arillate seeds embedded in pulp or projecting into the ovary on enlarged funicles (Ambelaniinae) or a pair of follicles (these sometimes hemi-syncarpous) with arillate seeds (most Tabernaemontaninae).",,,
Tabernaemontana_siphilitica,Fleshy,," Fruit with fleshy, rarely woody, pericarp, endocarp not stony; either a berry with the non-arillate seeds embedded in pulp or projecting into the ovary on enlarged funicles (Ambelaniinae) or a pair of follicles (these sometimes hemi-syncarpous) with arillate seeds (most Tabernaemontaninae).",,,
Tabernaemontana_solanifolia,Fleshy,," Fruit with fleshy, rarely woody, pericarp, endocarp not stony; either a berry with the non-arillate seeds embedded in pulp or projecting into the ovary on enlarged funicles (Ambelaniinae) or a pair of follicles (these sometimes hemi-syncarpous) with arillate seeds (most Tabernaemontaninae).",,,
Tabernaemontana_sphaerocarpa,Fleshy,,berry,,chaged to fleshy,simoes
Tabernaemontana_stellata,Fleshy,," Fruit with fleshy, rarely woody, pericarp, endocarp not stony; either a berry with the non-arillate seeds embedded in pulp or projecting into the ovary on enlarged funicles (Ambelaniinae) or a pair of follicles (these sometimes hemi-syncarpous) with arillate seeds (most Tabernaemontaninae).",,,
Tabernaemontana_undulata,Fleshy,," Fruit with fleshy, rarely woody, pericarp, endocarp not stony; either a berry with the non-arillate seeds embedded in pulp or projecting into the ovary on enlarged funicles (Ambelaniinae) or a pair of follicles (these sometimes hemi-syncarpous) with arillate seeds (most Tabernaemontaninae).",,,
Tabernaemontana_vanheurckii,Fleshy,," Fruit with fleshy, rarely woody, pericarp, endocarp not stony; either a berry with the non-arillate seeds embedded in pulp or projecting into the ovary on enlarged funicles (Ambelaniinae) or a pair of follicles (these sometimes hemi-syncarpous) with arillate seeds (most Tabernaemontaninae).",,,
Tabernaemontana_ventricosa,Fleshy,," Fruit with fleshy, rarely woody, pericarp, endocarp not stony; either a berry with the non-arillate seeds embedded in pulp or projecting into the ovary on enlarged funicles (Ambelaniinae) or a pair of follicles (these sometimes hemi-syncarpous) with arillate seeds (most Tabernaemontaninae).",,,
Tabernanthe_iboga,Fleshy,,,"Aril white, pulpy. 2n 1Ú4 22.",,
Tacazzea_apiculata,Dry,,,,,
Tassadia_berteroana,Dry,,,,,
Tassadia_guianensis,Dry,,,,,
Tassadia_obovata,Dry,,,,,
Tavaresia_barklyi,Dry,,,,,
Telosma_cordata,Dry,,,,,
Temnadenia_odorifera,Dry,,follicle,with coma,,
Temnadenia_violacea,Dry,,follicle,with coma,,
Thevetia_ahouai,Fleshy,,drupe,"Fruit hemi-syncar- pous to syncarpous, red or black, drupaceous, indehiscent; mesocarp fleshy.",,
Thyrsanthella_difformis,Dry,,follicle,,,
Tintinnabularia_gratissima,Dry,,follicle,,,
Tintinnabularia_mortonii,Dry,,follicle,,,
Tonduzia_longifolia,Dry,,Follicles,,,
Toxocarpus_villosus,Dry,,,,,
Trachelospermum_asiaticum,Dry,,Follicle,Coma present.,Endress et al. (2018),
Trachelospermum_axillare,Dry,,Follicle,Coma present.,Endress et al. (2018),
Trachelospermum_jasminoides,Dry,,Follicle,Coma present.,Endress et al. (2018),
Tridentea_virescens,Dry,,,,,
Tromotriche_longipes,Dry,,,,,
Tromotriche_revoluta,Dry,,,,,
Tweedia_brunonis,Dry,,,,,
Tylophora_anomala,Dry,,Follicles,,,
Tylophora_apiculata,Dry,,Follicles,,,
Tylophora_aristolochioides,Dry,,Follicles,,,
Tylophora_biglandulosa,Dry,,Follicles,,,
Tylophora_brownii,Dry,,Follicles,,,
Tylophora_conspicua,Dry,,Follicles,,,
Tylophora_coriacea,Dry,,Follicles,,,
Tylophora_flanaganii,Dry,,Follicles,,,
Tylophora_flexuosa,Dry,,Follicles,,,
Tylophora_floribunda,Dry,,Follicles,,,
Tylophora_heterophylla,Dry,,Follicles,,,
Tylophora_hirsuta,Dry,,Follicles,,,
Tylophora_indica,Dry,,Follicles,,,
Tylophora_japonica,Dry,,Follicles,,,
Tylophora_oblonga,Dry,,Follicles,,,
Tylophora_parviflora,Dry,,Follicles,,,
Tylophora_sylvatica,Dry,,Follicles,,,
Tylophora_tanakae,Dry,,Follicles,,,
Tylophora_tenuipedunculata,Dry,,Follicles,,,
Tylophora_tenuis,Dry,,Follicles,,,
Tylophora_villosa,Dry,,Follicles,,,
Urceola_lucida,Dry,,Follicle,Coma present.,Endress et al. (2018),
Urceola_micrantha,Dry,,Follicle,Coma present.,Endress et al. (2018),
Urceola_minutiflora,Dry,,Follicle,Coma present.,Endress et al. (2018),
Urceola_rosea,Dry,,Follicle,Coma present.,Endress et al. (2018),
Vallaris_solanacea,Dry,,Follicle,Coma present.,Endress et al. (2018),
Vallesia_antillana,Fleshy,,drupe,,,
Vinca_difformis,Dry,,Follicles,,,
Vinca_major,Dry,,Follicles,,,
Vinca_minor,Dry,,Follicles,,,
Vincetoxicum_acuminatum,Dry,,Follicles,,,
Vincetoxicum_amplexicaule,Dry,,Follicles,,,
Vincetoxicum_atratum,Dry,,Follicles,,,
Vincetoxicum_carnosum,Dry,,Follicles,,,
Vincetoxicum_hirundinaria,Dry,,Follicles,,,
Vincetoxicum_inamoenum,Dry,,Follicles,,,
Vincetoxicum_japonicum,Dry,,Follicles,,,
Vincetoxicum_katoi,Dry,,Follicles,,,
Vincetoxicum_macrophyllum,Dry,,Follicles,,,
Vincetoxicum_magnificum,Dry,,Follicles,,,
Vincetoxicum_mongolicum,Dry,,Follicles,,,
Vincetoxicum_nigrum,Dry,,Follicles,,,
Vincetoxicum_nipponicum,Dry,,Follicles,,,
Vincetoxicum_pycnostelma,Dry,,Follicles,,,
Vincetoxicum_rossicum,Dry,,Follicles,,,
Vincetoxicum_stocksii,Dry,,Follicles,,,
Vincetoxicum_yamanakae,Dry,,Follicles,,,
Voacanga_africana,Fleshy,,Follicles,"Aril yellow to orange-red, pulpy. ",changed to fleshy,
Voacanga_globosa,Fleshy,,Follicles,"Aril yellow to orange-red, pulpy. ",changed to fleshy,
Voacanga_grandifolia,Fleshy,,Follicles,"Aril yellow to orange-red, pulpy. ",,
Voacanga_psilocalyx,Fleshy,,Follicles,"Aril yellow to orange-red, pulpy. ",changed to fleshy,
White_sloanea_crassa,Dry,,,,,
Willughbeia_angustifolia,Fleshy,,"Berries large, spherical to pear-shaped; pulp edible.",,,
Woodia_mucronata,Dry,,Follicle,"Follicles fusiform or obclavate, often paired. Seeds ovate, winged, usually with white apical coma.",Endress et al. (2018),
Wrightia_arborea,Dry,,follicle,with coma,,
Wrightia_coccinea,Dry,,follicle,with coma,,
Wrightia_dubia,Dry,,follicle,with coma,,
Wrightia_lanceolata,Dry,,follicle,with coma,,
Wrightia_religiosa,Dry,,follicle,with coma,,
Wrightia_sirikitiae,Dry,,follicle,with coma,,
Xysmalobium_fraternum,Dry,,Follicles,"Follicles fusiform or obclavate, often paired. Seeds ovate, winged, usually with white apical coma.",Endress et al. (2018),
Xysmalobium_gerrardii,Dry,,Follicle,"Follicles fusiform or obclavate, often paired. Seeds ovate, winged, usually with white apical coma.",Endress et al. (2018),
Xysmalobium_heudelotianum,Dry,,Follicles,"Follicles fusiform or obclavate, often paired. Seeds ovate, winged, usually with white apical coma.",Endress et al. (2018),
Xysmalobium_involucratum,Dry,,Follicle,"Follicles fusiform or obclavate, often paired. Seeds ovate, winged, usually with white apical coma.",Endress et al. (2018),
Xysmalobium_kaessneri,Dry,,Follicles,"Follicles fusiform or obclavate, often paired. Seeds ovate, winged, usually with white apical coma.",Endress et al. (2018),
Xysmalobium_parviflorum,Dry,,Follicle,"Follicles fusiform or obclavate, often paired. Seeds ovate, winged, usually with white apical coma.",Endress et al. (2018),
Xysmalobium_tysonianum,Dry,,Follicle,"Follicles fusiform or obclavate, often paired. Seeds ovate, winged, usually with white apical coma.",Endress et al. (2018),
Xysmalobium_undulatum,Dry,,Follicles,"Follicles fusiform or obclavate, often paired. Seeds ovate, winged, usually with white apical coma.",Endress et al. (2018),
Zygostelma_benthamii,Dry,,,,,