Species,Dispersal_mode,Fruit_type_and_Notes,Reference,,
Leucopogon_concinnus,Biotic,"""Drupe± spherical; mesocarp fleshy or thin""",Watson (1967); Stevens (2004),TRIBE STYPHELIEAE,
Leucopogon_nutans,Biotic,"""Drupe± spherical; mesocarp fleshy or thin""",Watson (1967); Stevens (2004),TRIBE STYPHELIEAE,
Leucopogon_ovalifolius,Biotic,"""Drupe± spherical; mesocarp fleshy or thin""",Watson (1967); Stevens (2004),TRIBE STYPHELIEAE,
Leucopogon_strictus,Biotic,"""Drupe± spherical; mesocarp fleshy or thin""",Watson (1967); Stevens (2004),TRIBE STYPHELIEAE,
Leucopogon_leptanthus,Biotic,"""Drupe± spherical; mesocarp fleshy or thin""",Watson (1967); Stevens (2004),TRIBE STYPHELIEAE,
Leucopogon_pendulus,Biotic,"""Drupe± spherical; mesocarp fleshy or thin""",Watson (1967); Stevens (2004),TRIBE STYPHELIEAE,
Leucopogon_obtectus,Biotic,"""Drupe± spherical; mesocarp fleshy or thin""",Watson (1967); Stevens (2004),TRIBE STYPHELIEAE,
Leucopogon_glaucifolius,Biotic,"""Drupe± spherical; mesocarp fleshy or thin""",Watson (1967); Stevens (2004),TRIBE STYPHELIEAE,
Leucopogon_cordifolius,Biotic,"""Drupe± spherical; mesocarp fleshy or thin""",Watson (1967); Stevens (2004),TRIBE STYPHELIEAE,
Leucopogon_racemulosus,Biotic,"""Drupe± spherical; mesocarp fleshy or thin""",Watson (1967); Stevens (2004),TRIBE STYPHELIEAE,
Leucopogon_allittii,Biotic,"""Drupe± spherical; mesocarp fleshy or thin""",Watson (1967); Stevens (2004),TRIBE STYPHELIEAE,
Leucopogon_oxycedrus,Biotic,"""Drupe± spherical; mesocarp fleshy or thin""",Watson (1967); Stevens (2004),TRIBE STYPHELIEAE,
Coleanthera_myrtoides,Biotic,"""Fruit drupaceous, indehiscent, rarely splitting irregularly and transversely""",Keighery (1996),TRIBE STYPHELIEAE,
Leucopogon_rotundifolius,Biotic,"""Drupe± spherical; mesocarp fleshy or thin""",Stevens (2004),TRIBE STYPHELIEAE,
Styphelia_hainesii,Biotic,"""Fruit drupaceous, indehiscent, rarely splitting irregularly and transversely""",Keighery (1996),TRIBE STYPHELIEAE,
Styphelia_tenuifolia,Biotic,"""Fruit drupaceous, indehiscent, rarely splitting irregularly and transversely""",Keighery (1996),TRIBE STYPHELIEAE,
Leucopogon_juniperinus,Biotic,"""Drupe± spherical; mesocarp fleshy or thin""",Stevens (2004),TRIBE STYPHELIEAE,
Leucopogon_setiger,Biotic,"""Drupe± spherical; mesocarp fleshy or thin""",Stevens (2004),TRIBE STYPHELIEAE,
Leucopogon_fraseri,Biotic,"""Drupe± spherical; mesocarp fleshy or thin""",Stevens (2004),TRIBE STYPHELIEAE,
Astroloma_microdonta,Biotic,"""Fruit drupaceous, indehiscent, rarely splitting irregularly and transversely""",Keighery (1996),TRIBE STYPHELIEAE,
Astroloma_pallidum,Biotic,"""Fruit drupaceous, indehiscent, rarely splitting irregularly and transversely""",Keighery (1996),TRIBE STYPHELIEAE,
Astroloma_serratifolium,Biotic,"""Fruit drupaceous, indehiscent, rarely splitting irregularly and transversely""",Keighery (1996),TRIBE STYPHELIEAE,
Astroloma_ciliatum,Biotic,"""Fruit drupaceous, indehiscent, rarely splitting irregularly and transversely""",Keighery (1996),TRIBE STYPHELIEAE,
Astroloma_epacridis,Biotic,"""Fruit drupaceous, indehiscent, rarely splitting irregularly and transversely""",Keighery (1996),TRIBE STYPHELIEAE,
Astroloma_recurvum,Biotic,"""Fruit drupaceous, indehiscent, rarely splitting irregularly and transversely""",Keighery (1996),TRIBE STYPHELIEAE,
Astroloma_prostratum,Biotic,"""Fruit drupaceous, indehiscent, rarely splitting irregularly and transversely""",Keighery (1996),TRIBE STYPHELIEAE,
Astroloma_humifusum,Biotic,"""Fruit drupaceous, indehiscent, rarely splitting irregularly and transversely""",Keighery (1996),TRIBE STYPHELIEAE,
Styphelia_viridis,Biotic,"""Fruit drupaceous, indehiscent, rarely splitting irregularly and transversely""",Keighery (1996),TRIBE STYPHELIEAE,
Styphelia_adscendens,Biotic,"""Fruit drupaceous, indehiscent, rarely splitting irregularly and transversely""",Keighery (1996),TRIBE STYPHELIEAE,
Styphelia_exarrhena,Biotic,"""Fruit drupaceous, indehiscent, rarely splitting irregularly and transversely""",Keighery (1996),TRIBE STYPHELIEAE,
Styphelia_tubiflora,Biotic,"""Fruit drupaceous, indehiscent, rarely splitting irregularly and transversely""",Keighery (1996),TRIBE STYPHELIEAE,
Astroloma_glaucescens,Biotic,"""Fruit drupaceous, indehiscent, rarely splitting irregularly and transversely""",Keighery (1996),TRIBE STYPHELIEAE,
Leucopogon_esquamatus,Biotic,"""Drupe± spherical; mesocarp fleshy or thin""",Watson (1967); Stevens (2004),TRIBE STYPHELIEAE,
Acrothamnus_spathaceus,Biotic,"""Drupe± spherical; mesocarp fleshy or thin"" (Leucopogon)",Watson (1967); Stevens (2004),TRIBE STYPHELIEAE,
Leucopogon_cymbiformis,Biotic,"""Drupe± spherical; mesocarp fleshy or thin""",Watson (1967); Stevens (2004),TRIBE STYPHELIEAE,
Leucopogon_pogonocalyx,Biotic,"""Drupe± spherical; mesocarp fleshy or thin""",Watson (1967); Stevens (2004),TRIBE STYPHELIEAE,
Leucopogon_appressus,Biotic,"""Drupe± spherical; mesocarp fleshy or thin""",Watson (1967); Stevens (2004),TRIBE STYPHELIEAE,
Agiortia_pleiosperma,Biotic,"""Fruit drupaceous, indehiscent, rarely splitting irregularly and transversely"" (Styphelia)",Watson (1967); Stevens (2004),TRIBE STYPHELIEAE,
Leucopogon_crassifolius,Biotic,"""Drupe± spherical; mesocarp fleshy or thin""",Watson (1967); Stevens (2004),TRIBE STYPHELIEAE,
Leucopogon_corynocarpus,Biotic,"""Drupe± spherical; mesocarp fleshy or thin""",Watson (1967); Stevens (2004),TRIBE STYPHELIEAE,
Leucopogon_ruscifolius,Biotic,"""Drupe± spherical; mesocarp fleshy or thin""",Watson (1967); Stevens (2004),TRIBE STYPHELIEAE,
Leucopogon_melaleucoides,Biotic,"""Drupe± spherical; mesocarp fleshy or thin""",Watson (1967); Stevens (2004),TRIBE STYPHELIEAE,
Leucopogon_leptospermoides,Biotic,"""Drupe± spherical; mesocarp fleshy or thin""",Watson (1967); Stevens (2004),TRIBE STYPHELIEAE,
Leucopogon_muticus,Biotic,"""Drupe± spherical; mesocarp fleshy or thin""",Watson (1967); Stevens (2004),TRIBE STYPHELIEAE,
Leucopogon_ericoides,Biotic,"""Drupe± spherical; mesocarp fleshy or thin""",Watson (1967); Stevens (2004),TRIBE STYPHELIEAE,
Leucopogon_crassiflorus,Biotic,"""Drupe± spherical; mesocarp fleshy or thin""",Watson (1967); Stevens (2004),TRIBE STYPHELIEAE,
Leucopogon_conostephioides,Biotic,"""Drupe± spherical; mesocarp fleshy or thin""",Watson (1967); Stevens (2004),TRIBE STYPHELIEAE,
Leucopogon_hispidus,Biotic,"""Drupe± spherical; mesocarp fleshy or thin""",Watson (1967); Stevens (2004),TRIBE STYPHELIEAE,
Leucopogon_pubescens,Biotic,"""Drupe± spherical; mesocarp fleshy or thin""",Watson (1967); Stevens (2004),TRIBE STYPHELIEAE,
Astroloma_xerophyllum,Biotic,"""Fruit drupaceous, indehiscent, rarely splitting irregularly and transversely""",Watson (1967); Stevens (2004),TRIBE STYPHELIEAE,
Styphelia_longifolia,Biotic,"""Fruit drupaceous, indehiscent, rarely splitting irregularly and transversely""",Watson (1967); Stevens (2004),TRIBE STYPHELIEAE,
Leucopogon_blepharolepis,Biotic,"""Drupe± spherical; mesocarp fleshy or thin""",Watson (1967); Stevens (2004),TRIBE STYPHELIEAE,
Croninia_kingiana,Biotic,"""Fruit drupaceous, indehiscent, rarely splitting irregularly and transversely""",Watson (1967); Stevens (2004),TRIBE STYPHELIEAE,
Acrotriche_rigida,Biotic,"""Fruit drupaceous, indehiscent, rarely splitting irregularly and transversely""",Watson (1967); Stevens (2004),TRIBE STYPHELIEAE,
Acrotriche_divaricata,Biotic,"""Fruit drupaceous, indehiscent, rarely splitting irregularly and transversely""",Watson (1967); Stevens (2004),TRIBE STYPHELIEAE,
Acrotriche_parviflora,Biotic,"""Fruit drupaceous, indehiscent, rarely splitting irregularly and transversely""",Watson (1967); Stevens (2004),TRIBE STYPHELIEAE,
Cyathodes_straminea,Biotic,"""Fleshy fruit""",Crayn et al. (2020),TRIBE STYPHELIEAE,
Cyathodes_glauca,Biotic,"""Fleshy fruit""",Crayn et al. (2020),TRIBE STYPHELIEAE,
Lissanthe_brevistyla,Biotic,"""Fleshy fruit""",Crayn et al. (2020),TRIBE STYPHELIEAE,
Lissanthe_rubicunda,Biotic,"""Fleshy fruit""",Crayn et al. (2020),TRIBE STYPHELIEAE,
Leucopogon_pluriloculatus,Biotic,"""Drupe± spherical; mesocarp fleshy or thin""",Watson (1967); Stevens (2004),TRIBE STYPHELIEAE,
Lissanthe_strigosa,Biotic,"""Fleshy fruit""",Crayn et al. (2020),TRIBE STYPHELIEAE,
Lissanthe_sapida,Biotic,"""Fleshy fruit""",Crayn et al. (2020),TRIBE STYPHELIEAE,
Acrothamnus_suaveolens,Biotic,"""Drupe± spherical; mesocarp fleshy or thin"" (Leucopogon)",Stevens (2004),TRIBE STYPHELIEAE,
Styphelia_laeta,Biotic,"""Fruit drupaceous, indehiscent, rarely splitting irregularly and transversely""",Watson (1967); Stevens (2004),TRIBE STYPHELIEAE,
Acrothamnus_hookeri,Biotic,"""Drupe± spherical; mesocarp fleshy or thin"" (Leucopogon)",Stevens (2004),TRIBE STYPHELIEAE,
Acrothamnus_maccraei,Biotic,"""Drupe± spherical; mesocarp fleshy or thin"" (Leucopogon)",Stevens (2004),TRIBE STYPHELIEAE,
Leucopogon_parviflorus,Biotic,"""Drupe± spherical; mesocarp fleshy or thin""",Watson (1967); Stevens (2004),TRIBE STYPHELIEAE,
Agiortia_pedicellata,Biotic,"""Fruit drupaceous, indehiscent, rarely splitting irregularly and transversely"" (Styphelia)",Stevens (2004),TRIBE STYPHELIEAE,
Leptecophylla_abietina,Biotic,"""Fruit drupaceous, indehiscent, rarely splitting irregularly and transversely""",Watson (1967); Stevens (2004),TRIBE STYPHELIEAE,
Leptecophylla_juniperina_subsp_oxycedrus,Biotic,"""Fruit drupaceous, indehiscent, rarely splitting irregularly and transversely""",Watson (1967); Stevens (2004),TRIBE STYPHELIEAE,
Leptecophylla_divaricata,Biotic,"""Fruit drupaceous, indehiscent, rarely splitting irregularly and transversely""",Watson (1967); Stevens (2004),TRIBE STYPHELIEAE,
Leptecophylla_tameiameiae,Biotic,"""Fruit drupaceous, indehiscent, rarely splitting irregularly and transversely""",Watson (1967); Stevens (2004),TRIBE STYPHELIEAE,
Leucopogon_lanceolatus,Biotic,"""Drupe± spherical; mesocarp fleshy or thin""",Watson (1967); Stevens (2004),TRIBE STYPHELIEAE,
Leucopogon_margarodes,Biotic,"""Drupe± spherical; mesocarp fleshy or thin""",Watson (1967); Stevens (2004),TRIBE STYPHELIEAE,
Leucopogon_microphyllus,Biotic,"""Drupe± spherical; mesocarp fleshy or thin""",Watson (1967); Stevens (2004),TRIBE STYPHELIEAE,
Leucopogon_distans,Biotic,"""Drupe± spherical; mesocarp fleshy or thin""",Watson (1967); Stevens (2004),TRIBE STYPHELIEAE,
Leucopogon_bossiaea,Biotic,"""Drupe± spherical; mesocarp fleshy or thin""",Watson (1967); Stevens (2004),TRIBE STYPHELIEAE,
Leucopogon_virgatus,Biotic,"""Drupe± spherical; mesocarp fleshy or thin""",Watson (1967); Stevens (2004),TRIBE STYPHELIEAE,
Leucopogon_apiculatus,Biotic,"""Drupe± spherical; mesocarp fleshy or thin""",Watson (1967); Stevens (2004),TRIBE STYPHELIEAE,
Leucopogon_cordatus,Biotic,"""Drupe± spherical; mesocarp fleshy or thin""",Watson (1967); Stevens (2004),TRIBE STYPHELIEAE,
Leucopogon_australis,Biotic,"""Drupe± spherical; mesocarp fleshy or thin""",Watson (1967); Stevens (2004),TRIBE STYPHELIEAE,
Leucopogon_alternifolius,Biotic,"""Drupe± spherical; mesocarp fleshy or thin""",Watson (1967); Stevens (2004),TRIBE STYPHELIEAE,
Leucopogon_plumuliflorus,Biotic,"""Drupe± spherical; mesocarp fleshy or thin""",Watson (1967); Stevens (2004),TRIBE STYPHELIEAE,
Leucopogon_assimilis,Biotic,"""Drupe± spherical; mesocarp fleshy or thin""",Watson (1967); Stevens (2004),TRIBE STYPHELIEAE,
Leucopogon_amplexicaulis,Biotic,"""Drupe± spherical; mesocarp fleshy or thin""",Watson (1967); Stevens (2004),TRIBE STYPHELIEAE,
Monotoca_elliptica,Biotic,"""Fruit drupaceous, indehiscent, rarely splitting irregularly and transversely""",Watson (1967); Stevens (2004),TRIBE STYPHELIEAE,
Monotoca_ledifolia,Biotic,"""Fruit drupaceous, indehiscent, rarely splitting irregularly and transversely""",Watson (1967); Stevens (2004),TRIBE STYPHELIEAE,
Monotoca_scoparia,Biotic,"""Fruit drupaceous, indehiscent, rarely splitting irregularly and transversely""",Watson (1967); Stevens (2004),TRIBE STYPHELIEAE,
Monotoca_rotundifolia,Biotic,"""Fruit drupaceous, indehiscent, rarely splitting irregularly and transversely""",Watson (1967); Stevens (2004),TRIBE STYPHELIEAE,
Monotoca_empetrifolia,Biotic,"""Fruit drupaceous, indehiscent, rarely splitting irregularly and transversely""",Watson (1967); Stevens (2004),TRIBE STYPHELIEAE,
Montitega_dealbata,Biotic,"""Fruit drupaceous, indehiscent, rarely splitting irregularly and transversely""",Watson (1967); Stevens (2004),TRIBE STYPHELIEAE,
Androstoma_verticillata,Biotic,"""Fruit drupaceous, indehiscent, rarely splitting irregularly and transversely""",Watson (1967); Stevens (2004),TRIBE STYPHELIEAE,
Androstoma_empetrifolia,Biotic,"""Fruit drupaceous, indehiscent, rarely splitting irregularly and transversely""",Watson (1967); Stevens (2004),TRIBE STYPHELIEAE,
Acrotriche_serrulata,Biotic,"""Fruit drupaceous, indehiscent, rarely splitting irregularly and transversely""",Watson (1967); Stevens (2004),TRIBE STYPHELIEAE,
Trochocarpa_laurina,Biotic,"""Fruit drupaceous, indehiscent, rarely splitting irregularly and transversely""",Watson (1967); Stevens (2004),TRIBE STYPHELIEAE,
Trochocarpa_gunnii,Biotic,"""Fruit drupaceous, indehiscent, rarely splitting irregularly and transversely""",Watson (1967); Stevens (2004),TRIBE STYPHELIEAE,
Planocarpa_nitida,Biotic,"""Fruit drupaceous, indehiscent, rarely splitting irregularly and transversely""",Watson (1967); Stevens (2004),TRIBE STYPHELIEAE,
Planocarpa_petiolaris,Biotic,"""Fruit drupaceous, indehiscent, rarely splitting irregularly and transversely""",Watson (1967); Stevens (2004),TRIBE STYPHELIEAE,
Conostephium_preissii,Biotic,"""Fruit drupaceous, indehiscent, rarely splitting irregularly and transversely""",Watson (1967); Stevens (2004),TRIBE STYPHELIEAE,
Conostephium_pendulum,Biotic,"""Fruit drupaceous, indehiscent, rarely splitting irregularly and transversely""",Watson (1967); Stevens (2004),TRIBE STYPHELIEAE,
Astroloma_pinifolium,Biotic,"""Fruit drupaceous, indehiscent, rarely splitting irregularly and transversely""",Watson (1967); Stevens (2004),TRIBE STYPHELIEAE,
Astroloma_conostephioides,Biotic,"""Fruit drupaceous, indehiscent, rarely splitting irregularly and transversely""",Watson (1967); Stevens (2004),TRIBE STYPHELIEAE,
Astroloma_baxteri,Biotic,"""Fruit drupaceous, indehiscent, rarely splitting irregularly and transversely""",Watson (1967); Stevens (2004),TRIBE STYPHELIEAE,
Styphelia_pancheri,Biotic,"""Fruit drupaceous, indehiscent, rarely splitting irregularly and transversely""",Watson (1967); Stevens (2004),TRIBE STYPHELIEAE,
Brachyloma_daphnoides,Biotic,"""Fruit drupaceous, indehiscent, rarely splitting irregularly and transversely""",Watson (1967); Stevens (2004),TRIBE STYPHELIEAE,
Brachyloma_saxicola,Biotic,"""Fruit drupaceous, indehiscent, rarely splitting irregularly and transversely""",Watson (1967); Stevens (2004),TRIBE STYPHELIEAE,
Brachyloma_concolor,Biotic,"""Fruit drupaceous, indehiscent, rarely splitting irregularly and transversely""",Watson (1967); Stevens (2004),TRIBE STYPHELIEAE,
Brachyloma_mogin,Biotic,"""Fruit drupaceous, indehiscent, rarely splitting irregularly and transversely""",Watson (1967); Stevens (2004),TRIBE STYPHELIEAE,
Brachyloma_preissii,Biotic,"""Fruit drupaceous, indehiscent, rarely splitting irregularly and transversely""",Watson (1967); Stevens (2004),TRIBE STYPHELIEAE,
Styphelia_cymbulae,Biotic,"""Fruit drupaceous, indehiscent, rarely splitting irregularly and transversely""",Watson (1967); Stevens (2004),TRIBE STYPHELIEAE,
Brachyloma_scortechinii,Biotic,"""Fruit drupaceous, indehiscent, rarely splitting irregularly and transversely""",Watson (1967); Stevens (2004),TRIBE STYPHELIEAE,
Melichrus_procumbens,Biotic,"""Fruit drupaceous, indehiscent, rarely splitting irregularly and transversely""",Watson (1967); Stevens (2004),TRIBE STYPHELIEAE,
Melichrus_urceolatus,Biotic,"""Fruit drupaceous, indehiscent, rarely splitting irregularly and transversely""",Watson (1967); Stevens (2004),TRIBE STYPHELIEAE,
Monotoca_aristata,Biotic,"""Fruit drupaceous, indehiscent, rarely splitting irregularly and transversely""",Watson (1967); Stevens (2004),TRIBE STYPHELIEAE,
Acrotriche_affinis,Biotic,"""Fruit drupaceous, indehiscent, rarely splitting irregularly and transversely""",Watson (1967); Stevens (2004),TRIBE STYPHELIEAE,
Pentachondra_involucrata,Biotic,"""Fruit drupaceous, indehiscent, rarely splitting irregularly and transversely""",Watson (1967); Stevens (2004),TRIBE STYPHELIEAE,
Pentachondra_pumila,Biotic,"""Fruit drupaceous, indehiscent, rarely splitting irregularly and transversely""",Watson (1967); Stevens (2004),TRIBE STYPHELIEAE,
Budawangia_gnidioides,Abiotic,"""Fruit a loculicidal capsule""",Watson (1967),,
Epacris_impressa,Abiotic,"""Fruit a loculicidal capsule""",Watson (1967),,
Rupicola_sprengelioides,Abiotic,"""Fruit a loculicidal capsule""",Watson (1967),,
Epacris_lanuginosa,Abiotic,"""Fruit a loculicidal capsule""",Watson (1967),,
Woollsia_pungens,Abiotic,"""Fruit a loculicidal capsule""",Watson (1967),,
Lysinema_ciliatum,Abiotic,"""Fruit a loculicidal capsule""",Watson (1967),,
Cosmelia_rubra,Abiotic,"""Fruit a loculicidal capsule""",Watson (1967),,
Sprengelia_incarnata,Abiotic,"""Fruit a loculicidal capsule""",Watson (1967),,
Andersonia_sprengelioides,Abiotic,"""Fruit a loculicidal capsule""",Watson (1967),,
Dracophyllum_kirkii,Abiotic,"""Capsular fruit""",Wagstaff et al. (2010),,
Dracophyllum_ophioliticum,Abiotic,"""Capsular fruit""",Wagstaff et al. (2010),,
Dracophyllum_patens,Abiotic,"""Capsular fruit""",Wagstaff et al. (2010),,
Dracophyllum_acerosum,Abiotic,"""Capsular fruit""",Wagstaff et al. (2010),,
Dracophyllum_trimorphum,Abiotic,"""Capsular fruit""",Wagstaff et al. (2010),,
Dracophyllum_rosmarinifolium,Abiotic,"""Capsular fruit""",Wagstaff et al. (2010),,
Dracophyllum_densum,Abiotic,"""Capsular fruit""",Wagstaff et al. (2010),,
Dracophyllum_filifolium,Abiotic,"""Capsular fruit""",Wagstaff et al. (2010),,
Dracophyllum_scoparium,Abiotic,"""Capsular fruit""",Wagstaff et al. (2010),,
Dracophyllum_longifolium,Abiotic,"""Capsular fruit""",Wagstaff et al. (2010),,
Dracophyllum_muscoides,Abiotic,"""Capsular fruit""",Wagstaff et al. (2010),,
Dracophyllum_arboreum,Abiotic,"""Capsular fruit""",Wagstaff et al. (2010),,
Dracophyllum_pronum,Abiotic,"""Capsular fruit""",Wagstaff et al. (2010),,
Dracophyllum_strictum,Abiotic,"""Capsular fruit""",Wagstaff et al. (2010),,
Dracophyllum_townsonii,Abiotic,"""Capsular fruit""",Wagstaff et al. (2010),,
Dracophyllum_latifolium,Abiotic,"""Capsular fruit""",Wagstaff et al. (2010),,
Dracophyllum_fiordense,Abiotic,"""Capsular fruit""",Wagstaff et al. (2010),,
Dracophyllum_menziesii,Abiotic,"""Capsular fruit""",Wagstaff et al. (2010),,
Dracophyllum_traversii,Abiotic,"""Capsular fruit""",Wagstaff et al. (2010),,
Dracophyllum_balansae,Abiotic,"""Capsular fruit""",Wagstaff et al. (2010),,
Dracophyllum_alticola,Abiotic,"""Capsular fruit""",Wagstaff et al. (2010),,
Dracophyllum_ramosum,Abiotic,"""Capsular fruit""",Wagstaff et al. (2010),,
Dracophyllum_mackeeanum,Abiotic,"""Capsular fruit""",Wagstaff et al. (2010),,
Dracophyllum_cosmelioides,Abiotic,"""Capsular fruit""",Wagstaff et al. (2010),,
Dracophyllum_verticillatum,Abiotic,"""Capsular fruit""",Wagstaff et al. (2010),,
Dracophyllum_involucratum,Abiotic,"""Capsular fruit""",Wagstaff et al. (2010),,
Dracophyllum_thiebautii,Abiotic,"""Capsular fruit""",Wagstaff et al. (2010),,
Dracophyllum_ouaiemense,Abiotic,"""Capsular fruit""",Wagstaff et al. (2010),,
Richea_procera,Abiotic,"""Capsular fruit""",Menadue and Crowden (2000),,
Richea_milliganii,Abiotic,"""Capsular fruit""",Menadue and Crowden (2000),,
Richea_acerosa,Abiotic,"""Capsular fruit""",Menadue and Crowden (2000),,
Richea_sprengelioides,Abiotic,"""Capsular fruit""",Menadue and Crowden (2000),,
Dracophyllum_oceanicum,Abiotic,"""Capsular fruit""",Wagstaff et al. (2010),,
Dracophyllum_secundum,Abiotic,"""Capsular fruit""",Wagstaff et al. (2010),,
Dracophyllum_macranthum,Abiotic,"""Capsular fruit""",Wagstaff et al. (2010),,
Dracophyllum_fitzgeraldii,Abiotic,"""Capsular fruit""",Wagstaff et al. (2010),,
Richea_pandanifolia,Abiotic,"""Capsular fruit""",Menadue and Crowden (2000),,
Richea_continentis,Abiotic,"""Capsular fruit""",Menadue and Crowden (2000),,
Richea_alpina,Abiotic,"""Capsular fruit""",Menadue and Crowden (2000),,
Richea_scoparia,Abiotic,"""Capsular fruit""",Menadue and Crowden (2000),,
Richea_gunnii,Abiotic,"""Capsular fruit""",Menadue and Crowden (2000),,
Richea_victoriana,Abiotic,"""Capsular fruit""",Menadue and Crowden (2000),,
Dracophyllum_minimum,Abiotic,"""Capsular fruit""",Menadue and Crowden (2000),,
Dracophyllum_sayeri,Abiotic,"""Capsular fruit""",Menadue and Crowden (2000),,
Sphenotoma_gracilis,Abiotic,"""Fruit a loculicidal capsule""",Watson (1967),,
Sphenotoma_drummondii,Abiotic,"""Fruit a loculicidal capsule""",Watson (1967),,
Sphenotoma_dracophylloides,Abiotic,"""Fruit a loculicidal capsule""",Watson (1967),,
Sphenotoma_capitata,Abiotic,"""Fruit a loculicidal capsule""",Watson (1967),,
Dracophyllum_milliganii,Abiotic,"""Fruit a loculicidal capsule""",Watson (1967),,
Monotoca_leucantha,doubtful,"""Fruit a nut""",Albrecht and Hislop (2011),,
Dielsiodoxa_tamariscina,doubtful,"""Fruit a nut""",Albrecht and Hislop (2011),,
Oligarrhena_micrantha,doubtful,"""Fruit drupaceous, indehiscent, rarely splitting irregularly and transversely""",Watson (1967); Stevens (2004),,
Needhamiella_pumilio,doubtful,"""Fruit drupaceous, indehiscent, rarely splitting irregularly and transversely""",Watson (1967); Stevens (2004),,
Archeria_comberi,Abiotic,"""Fruit a loculicidal capsule""",Stevens (2004),,
Archeria_hirtella,Abiotic,"""Fruit a loculicidal capsule""",Stevens (2004),,
Lebetanthus_myrsinites,Abiotic,"""Dehisced fruit.""",Stevens (2004),,
Prionotes_cerinthoides,Abiotic,Capsule? ,from protologue - Tropicos,,
Ceratostema_lanigerum,Biotic,"""fruit dark blue-black, rarely translucent white; testa mucilaginous;""",Stevens (2004),Vaccinieae,
Ceratostema_silvicola,Biotic,"""fruit dark blue-black, rarely translucent white; testa mucilaginous;""",Stevens (2004),Vaccinieae,
Ceratostema_megabracteatum,Biotic,"""fruit dark blue-black, rarely translucent white; testa mucilaginous;""",Stevens (2004),Vaccinieae,
Ceratostema_rauhii,Biotic,"""fruit dark blue-black, rarely translucent white; testa mucilaginous;""",Stevens (2004),Vaccinieae,
Siphonandra_elliptica,Biotic,"""Fruit baccate""",Stevens (2004),Vaccinieae,
Psammisia_sclerantha,Biotic,"""Fruit baccate""",Stevens (2004),Vaccinieae,
Psammisia_ulbrichiana,Biotic,"""Fruit baccate""",Stevens (2004),Vaccinieae,
Macleania_rupestris,Biotic,"""Fruit baccate""",Stevens (2004),Vaccinieae,
Macleania_insignis,Biotic,"""Fruit baccate""",Stevens (2004),Vaccinieae,
Macleania_cordifolia,Biotic,"""Fruit baccate""",Stevens (2004),Vaccinieae,
Sphyrospermum_buxifolium,Biotic,"""Fruit baccate""",Stevens (2004),Vaccinieae,
Sphyrospermum_cordifolium,Biotic,"""Fruit baccate""",Stevens (2004),Vaccinieae,
Plutarchia_ecuadorensis,Biotic,"""Fruit baccate""",Stevens (2004),Vaccinieae,
Oreanthes_glanduliferus,Biotic,"""Fruit baccate""",Stevens (2004),Vaccinieae,
Disterigma_ovatum,Biotic,"""Fruit baccate""",Stevens (2004),Vaccinieae,
Disterigma_alaternoides,Biotic,"""Fruit baccate""",Stevens (2004),Vaccinieae,
Polyclita_turbinata,Biotic,"""Fruit baccate""",Stevens (2004),Vaccinieae,
Semiramisia_speciosa,Biotic,"""Fruit baccate""",Stevens (2004),Vaccinieae,
Demosthenesia_mandonii,Biotic,"""Fruit baccate""",Stevens (2004),Vaccinieae,
Demosthenesia_spectabilis,Biotic,"""Fruit baccate""",Stevens (2004),Vaccinieae,
Demosthenesia_pearcei,Biotic,"""Fruit baccate""",Stevens (2004),Vaccinieae,
Diogenesia_boliviana,Biotic,"""Fruit baccate""",Stevens (2004),Vaccinieae,
Themistoclesia_costaricensis,Biotic,"""Fruit baccate""",Stevens (2004),Vaccinieae,
Themistoclesia_epiphytica,Biotic,"""Fruit baccate""",Stevens (2004),Vaccinieae,
Diogenesia_alstoniana,Biotic,"""Fruit baccate""",Stevens (2004),Vaccinieae,
Anthopterus_wardii,Biotic,"""Fruit baccate""",Stevens (2004),Vaccinieae,
Anthopterus_revolutus,Biotic,"""Fruit baccate""",Stevens (2004),Vaccinieae,
Thibaudia_litensis,Biotic,"""Fruit baccate""",Stevens (2004),Vaccinieae,
Thibaudia_floribunda,Biotic,"""Fruit baccate""",Stevens (2004),Vaccinieae,
Cavendishia_bracteata,Biotic,"""Fleshy fruit""",Stevens (2004),Vaccinieae,
Cavendishia_martii,Biotic,"""Fleshy fruit""",Stevens (2004),Vaccinieae,
Satyria_warszewiczii,Biotic,"""Fleshy fruit""",Stevens (2004),Vaccinieae,
Satyria_ventricosa,Biotic,"""Fleshy fruit""",Stevens (2004),Vaccinieae,
Gonocalyx_costaricensis,Biotic,"""Fruit baccate""",Stevens (2004),Vaccinieae,
Gonocalyx_megabracteolatus,Biotic,"""Fruit baccate""",Stevens (2004),Vaccinieae,
Vaccinium_poasanum,Biotic,"""Fruit baccate""",Stevens (2004),Vaccinieae,
Costera_endertii,Biotic,"""Fruit baccate""",Stevens (2004),Vaccinieae,
Utleya_costaricensis,Biotic,"""Fruit baccate""",Stevens (2004),Vaccinieae,
Symphysia_racemosa,Biotic,"""Fruit baccate""",Stevens (2004),Vaccinieae,
Vaccinium_uliginosum,Biotic,"""Fruit baccate""",Stevens (2004),Vaccinieae,
Vaccinium_reticulatum,Biotic,"""Fruit baccate""",Stevens (2004),Vaccinieae,
Vaccinium_calycinum,Biotic,"""Fruit baccate""",Stevens (2004),Vaccinieae,
Vaccinium_myrtillus,Biotic,"""Fruit baccate""",Stevens (2004),Vaccinieae,
Vaccinium_corymbosum,Biotic,"""Fruit baccate""",Stevens (2004),Vaccinieae,
Vaccinium_meridionale,Biotic,"""Fruit baccate""",Stevens (2004),Vaccinieae,
Vaccinium_consanguineum,Biotic,"""Fruit baccate""",Stevens (2004),Vaccinieae,
Vaccinium_macrocarpon,Biotic,"""Fruit baccate""",Stevens (2004),Vaccinieae,
Vaccinium_vitis_idaea,Biotic,"""Fruit baccate""",Stevens (2004),Vaccinieae,
Vaccinium_microcarpum,Biotic,"""Fruit baccate""",Stevens (2004),Vaccinieae,
Vaccinium_oxycoccos,Biotic,"""Fruit baccate""",Stevens (2004),Vaccinieae,
Gaylussacia_dumosa,Biotic,"""Fruit pyrenoid""",Stevens (2004),Vaccinieae,
Agapetes_serpens,Biotic,"""Fruit baccate""",Stevens (2004),Vaccinieae,
Agapetes_buxifolia,Biotic,"""Fruit baccate""",Stevens (2004),Vaccinieae,
Agapetes_hosseana,Biotic,"""Fruit baccate""",Stevens (2004),Vaccinieae,
Vaccinium_bracteatum,Biotic,"""Fruit baccate""",Stevens (2004),Vaccinieae,
Dimorphanthera_keysseri,Biotic,"""Fleshy fruit""",Stevens (2004),Vaccinieae,
Paphia_stenantha,Biotic,"""Fruit baccate""",Stevens (2004),Vaccinieae,
Paphia_meiniana,Biotic,"""Fruit baccate""",Stevens (2004),Vaccinieae,
Dimorphanthera_kempteriana,Biotic,"""Fleshy fruit""",Stevens (2004),Vaccinieae,
Dimorphanthera_dekockii,Biotic,"""Fleshy fruit""",Stevens (2004),Vaccinieae,
Orthaea_venamensis,Biotic,"""Fleshy fruit""",Stevens (2004),Vaccinieae,
Orthaea_apophysata,Biotic,"""Fleshy fruit""",Stevens (2004),Vaccinieae,
Notopora_schomburgkii,Biotic,"""Fruit baccate""",Stevens (2004),Vaccinieae,
Andromeda_polifolia,Biotic,"""Berry""",gvsu.edu/itex-aon/bog-rosemary-25.htm,Andromedeae,
Zenobia_pulverulenta,Abiotic,"""Fruit and calyx dry""",Stevens (2004),Andromedeae,
Gaultheria_fragrantissima,Biotic,"""Fruit fleshy, or fruit dry but calyx fleshy""",Middleton (1991); Stevens (2004),Andromedeae,Series Leucothoides
Gaultheria_trigonoclada,Biotic,"""Fruit fleshy, or fruit dry but calyx fleshy""",Middleton (1991); Stevens (2004),Andromedeae,Series Leucothoides
Gaultheria_wardii,Biotic,"""Fruit fleshy, or fruit dry but calyx fleshy""",Middleton (1991); Stevens (2004),Andromedeae,Series Leucothoides
Gaultheria_brevistipes,Biotic,"""Fruit fleshy, or fruit dry but calyx fleshy""",Middleton (1991); Stevens (2004),Andromedeae,Series Leucothoides
Gaultheria_semi_infera,Biotic,"""Fruit fleshy, or fruit dry but calyx fleshy""",Middleton (1991); Stevens (2004),Andromedeae,Series Leucothoides
Gaultheria_hookeri,Biotic,"""Fruit fleshy, or fruit dry but calyx fleshy""",Middleton (1991); Stevens (2004),Andromedeae,Series Leucothoides
Gaultheria_tetramera,Biotic,"""Fruit fleshy, or fruit dry but calyx fleshy""",Middleton (1991); Stevens (2004),Andromedeae,Series Leucothoides
Gaultheria_notabilis,Biotic,"""Fruit fleshy, or fruit dry but calyx fleshy""",Middleton (1991); Stevens (2004),Andromedeae,Series Dumicolae
Gaultheria_discolor,Biotic,"""Fruit fleshy, or fruit dry but calyx fleshy""",Middleton (1991); Stevens (2004),Andromedeae,Series Leucothoides
Gaultheria_longibracteolata,Biotic,"""Fruit fleshy, or fruit dry but calyx fleshy""",Middleton (1991); Stevens (2004),Andromedeae,
Gaultheria_straminea,Biotic,"""Fruit fleshy, or fruit dry but calyx fleshy""",Middleton (1991); Stevens (2004),Andromedeae,
Gaultheria_praticola,Biotic,"""Fruit fleshy, or fruit dry but calyx fleshy""",Middleton (1991); Stevens (2004),Andromedeae,Series Leucothoides
Gaultheria_heteromera,Biotic,"""Fruit fleshy, or fruit dry but calyx fleshy""",Middleton (1991); Stevens (2004),Andromedeae,
Gaultheria_nummularioides,Biotic,"""Fruit fleshy, or fruit dry but calyx fleshy""",Middleton (1991); Stevens (2004),Andromedeae,Series Nummularioideae
Gaultheria_pyrolifolia,Biotic,"""Fruit fleshy, or fruit dry but calyx fleshy""",Middleton (1991); Stevens (2004),Andromedeae,
Gaultheria_dumicola,Biotic,"""Fruit fleshy, or fruit dry but calyx fleshy""",Middleton (1991); Stevens (2004),Andromedeae,
Gaultheria_pseudonotabilis,Biotic,"""Fruit fleshy, or fruit dry but calyx fleshy""",Middleton (1991); Stevens (2004),Andromedeae,
Gaultheria_codonantha,Biotic,"""Fruit fleshy, or fruit dry but calyx fleshy""",Middleton (1991); Stevens (2004),Andromedeae,
Gaultheria_griffithiana,Biotic,"""Fruit fleshy, or fruit dry but calyx fleshy""",Middleton (1991); Stevens (2004),Andromedeae,
Gaultheria_jingdongensis,Biotic,"""Fruit fleshy, or fruit dry but calyx fleshy""",Middleton (1991); Stevens (2004),Andromedeae,
Gaultheria_sinensis,Biotic,"""Fruit fleshy, or fruit dry but calyx fleshy""",Middleton (1991); Stevens (2004),Andromedeae,
Gaultheria_eciliata,Biotic,"""Fruit fleshy, or fruit dry but calyx fleshy""",Middleton (1991); Stevens (2004),Andromedeae,
Gaultheria_trichophylla,Biotic,"""Fruit fleshy, or fruit dry but calyx fleshy""",Middleton (1991); Stevens (2004),Andromedeae,
Gaultheria_hypochlora,Biotic,"""Fruit fleshy, or fruit dry but calyx fleshy""",Middleton (1991); Stevens (2004),Andromedeae,
Gaultheria_cardiosepala,Biotic,"""Fruit fleshy, or fruit dry but calyx fleshy""",Middleton (1991); Stevens (2004),Andromedeae,
Gaultheria_thymifolia,Biotic,"""Fruit fleshy, or fruit dry but calyx fleshy""",Middleton (1991); Stevens (2004),Andromedeae,
Gaultheria_dolichopoda,Biotic,"""Fruit fleshy, or fruit dry but calyx fleshy""",Middleton (1991); Stevens (2004),Andromedeae,
Gaultheria_tasmanica,Biotic,"""Fruit fleshy, or fruit dry but calyx fleshy""",Middleton (1991); Stevens (2004),Andromedeae,
Gaultheria_antipoda,Biotic,"""Fruit fleshy, or fruit dry but calyx fleshy""",Middleton (1991); Stevens (2004),Andromedeae,
Pernettya_prostrata,Biotic,"""Fruit fleshy, or fruit dry but calyx fleshy""",Middleton (1991); Stevens (2004),Andromedeae,
Gaultheria_borneensis,Biotic,"""Fruit fleshy, or fruit dry but calyx fleshy""",Middleton (1991); Stevens (2004),Andromedeae,
Gaultheria_prostrata,Biotic,"""Fruit fleshy, or fruit dry but calyx fleshy""",Middleton (1991); Stevens (2004),Andromedeae,
Gaultheria_cuneata,Biotic,"""Fruit fleshy, or fruit dry but calyx fleshy""",Middleton (1991); Stevens (2004),Andromedeae,
Gaultheria_pyroloides,Biotic,"""Fruit fleshy, or fruit dry but calyx fleshy""",Middleton (1991); Stevens (2004),Andromedeae,
Gaultheria_eriophylla,Biotic,"""Fruit fleshy, or fruit dry but calyx fleshy""",Middleton (1991); Stevens (2004),Andromedeae,
Gaultheria_shallon,Biotic,"""Fruit fleshy, or fruit dry but calyx fleshy""",Middleton (1991); Stevens (2004),Andromedeae,
Tepuia_venusta,Biotic,"""Fruit baccate""",Stevens (2004),,
Tepuia_cardonae,Biotic,"""Fruit baccate""",Stevens (2004),,
Gaultheria_procumbens,Biotic,"""Fruit fleshy, or fruit dry but calyx fleshy""",Middleton (1991); Stevens (2004),Andromedeae,
Diplycosia_acuminata,Biotic,"""Fruit baccate""",Stevens (2004),,
Diplycosia_cinnamomifolia,Biotic,"""Fruit baccate""",Stevens (2004),,
Gaultheria_leucocarpa,Biotic,"""Fruit fleshy, or fruit dry but calyx fleshy""",Middleton (1991); Stevens (2004),Andromedeae,
Gaultheria_suborbicularis,Biotic,"""Fruit fleshy, or fruit dry but calyx fleshy""",Middleton (1991); Stevens (2004),Andromedeae,
Eubotrys_recurva,Abiotic,"""Fruit and calyx dry""",Stevens (2004),,
Eubotrys_racemosa,Abiotic,"""Fruit and calyx dry""",Stevens (2004),,
Chamaedaphne_calyculata,Abiotic,"""Spherical, distended capsule, bursting with five valves """,Zr—bek-Sokolnik et al. (2019),,
Leucothoe_keiskei,Abiotic,"""Fruit and calyx dry""",Stevens (2004),,
Leucothoe_fontanesiana,Abiotic,"""Fruit and calyx dry""",Stevens (2004),,
Leucothoe_davisiae,Abiotic,"""Fruit and calyx dry""",Stevens (2004),,
Eubotryoides_grayana,Abiotic,"""Fruit and calyx dry"" (Leucothoe)",Stevens (2004),,
Oxydendrum_arboreum,Abiotic,"""Capsule""",,,
Pieris_formosa,Abiotic,"""Capsule""",Stevens (2004),Lyonia group,
Pieris_phillyreifolia,Abiotic,"""Capsule""",Stevens (2004),Lyonia group,
Pieris_koidzumiana,Abiotic,"""Capsule""",Stevens (2004),Lyonia group,
Pieris_japonica,Abiotic,"""Capsule""",Stevens (2004),Lyonia group,
Pieris_floribunda,Abiotic,"""Capsule""",Stevens (2004),Lyonia group,
Pieris_nana,Abiotic,"""Capsule""",Stevens (2004),Lyonia group,
Agarista_salicifolia,Abiotic,"""Capsule""",Stevens (2004),Lyonia group,
Agarista_populifolia,Abiotic,"""Capsule""",Stevens (2004),Lyonia group,
Craibiodendron_scleranthum_var_kwangtungense,Abiotic,"""Loculicidal capsules""",Judd (1986),Lyonia group,
Craibiodendron_yunnanense,Abiotic,"""Loculicidal capsules""",Judd (1986),Lyonia group,
Lyonia_ovalifolia,Abiotic,"""Capsule""",Stevens (2004),Lyonia group,
Lyonia_ligustrina,Abiotic,"""Capsule""",Stevens (2004),Lyonia group,
Lyonia_ferruginea,Abiotic,"""Capsule""",Stevens (2004),Lyonia group,
Lyonia_lucida,Abiotic,"""Capsule""",Stevens (2004),Lyonia group,
Harrimanella_hypnoides,Abiotic,"""Capsule""",Kron and Judd (1997),Lyonia group,
Rhododendron_floccigerum,Abiotic,"""Capsule longer than wide""",Stevens (2004),,
Rhododendron_cerasinum,Abiotic,"""Capsule longer than wide""",Stevens (2004),,
Rhododendron_fulvum,Abiotic,"""Capsule longer than wide""",Stevens (2004),,
Rhododendron_roxieanum,Abiotic,"""Capsule longer than wide""",Stevens (2004),,
Rhododendron_sinogrande,Abiotic,"""Capsule longer than wide""",Stevens (2004),,
Rhododendron_arizelum,Abiotic,"""Capsule longer than wide""",Stevens (2004),,
Rhododendron_forrestii,Abiotic,"""Capsule longer than wide""",Stevens (2004),,
Rhododendron_thomsonii,Abiotic,"""Capsule longer than wide""",Stevens (2004),,
Rhododendron_beesianum,Abiotic,"""Capsule longer than wide""",Stevens (2004),,
Rhododendron_auriculatum,Abiotic,"""Capsule longer than wide""",Stevens (2004),,
Rhododendron_williamsianum,Abiotic,"""Capsule longer than wide""",Stevens (2004),,
Rhododendron_wardii,Abiotic,"""Capsule longer than wide""",Stevens (2004),,
Rhododendron_glischrum,Abiotic,"""Capsule longer than wide""",Stevens (2004),,
Rhododendron_anthosphaerum,Abiotic,"""Capsule longer than wide""",Stevens (2004),,
Rhododendron_lukiangense,Abiotic,"""Capsule longer than wide""",Stevens (2004),,
Rhododendron_arboreum,Abiotic,"""Capsule longer than wide""",Stevens (2004),,
Rhododendron_fortunei,Abiotic,"""Capsule longer than wide""",Stevens (2004),,
Rhododendron_vernicosum,Abiotic,"""Capsule longer than wide""",Stevens (2004),,
Rhododendron_smirnowii,Abiotic,"""Capsule longer than wide""",Stevens (2004),,
Rhododendron_ponticum,Abiotic,"""Capsule longer than wide""",Stevens (2004),,
Rhododendron_maximum,Abiotic,"""Capsule longer than wide""",Stevens (2004),,
Rhododendron_calophytum,Abiotic,"""Capsule longer than wide""",Stevens (2004),,
Rhododendron_catawbiense,Abiotic,"""Capsule longer than wide""",Stevens (2004),,
Rhododendron_atlanticum,Abiotic,"""Capsule longer than wide""",Stevens (2004),,
Rhododendron_canadense,Abiotic,"""Capsule longer than wide""",Stevens (2004),,
Rhododendron_groenlandicum,Abiotic,"""Capsule longer than wide""",Stevens (2004),,
Rhododendron_tomentosum,Abiotic,"""Capsule longer than wide""",Stevens (2004),,
Rhododendron_keleticum,Abiotic,"""Capsule longer than wide""",Stevens (2004),,
Rhododendron_impeditum,Abiotic,"""Capsule longer than wide""",Stevens (2004),,
Rhododendron_telmateium,Abiotic,"""Capsule longer than wide""",Stevens (2004),,
Rhododendron_lapponicum,Abiotic,"""Capsule longer than wide""",Stevens (2004),,
Rhododendron_tapetiforme,Abiotic,"""Capsule longer than wide""",Stevens (2004),,
Rhododendron_hippophaeoides,Abiotic,"""Capsule longer than wide""",Stevens (2004),,
Rhododendron_yunnanense,Abiotic,"""Capsule longer than wide""",Stevens (2004),,
Rhododendron_rubiginosum,Abiotic,"""Capsule longer than wide""",Stevens (2004),,
Rhododendron_racemosum,Abiotic,"""Capsule longer than wide""",Stevens (2004),,
Rhododendron_zaleucum,Abiotic,"""Capsule longer than wide""",Stevens (2004),,
Rhododendron_monanthum,Abiotic,"""Capsule longer than wide""",Stevens (2004),,
Rhododendron_xanthostephanum,Abiotic,"""Capsule longer than wide""",Stevens (2004),,
Rhododendron_edgeworthii,Abiotic,"""Capsule longer than wide""",Stevens (2004),,
Rhododendron_lepidotum,Abiotic,"""Capsule longer than wide""",Stevens (2004),,
Rhododendron_fragariiflorum,Abiotic,"""Capsule longer than wide""",Stevens (2004),,
Rhododendron_mucronulatum,Abiotic,"""Capsule longer than wide""",Stevens (2004),,
Rhododendron_hirsutum,Abiotic,"""Capsule longer than wide""",Stevens (2004),,
Rhododendron_ferrugineum,Abiotic,"""Capsule longer than wide""",Stevens (2004),,
Rhododendron_vaccinioides,Abiotic,"""Capsule longer than wide""",Stevens (2004),,
Rhododendron_oldhamii,Abiotic,"""Capsule longer than wide""",Stevens (2004),,
Rhododendron_indicum,Abiotic,"""Capsule longer than wide""",Stevens (2004),,
Rhododendron_tsusiophyllum,Abiotic,"""Capsule longer than wide""",Stevens (2004),,
Rhododendron_mariesii,Abiotic,"""Capsule longer than wide""",Stevens (2004),,
Rhododendron_farrerae,Abiotic,"""Capsule longer than wide""",Stevens (2004),,
Elliottia_racemosa,Abiotic,"""Capsule""",Godt and Hamrick (1999),,
Rhododendron_albiflorum,Abiotic,"""Capsule longer than wide""",Stevens (2004),,
Menziesia_ciliicalyx,Abiotic,"""Capsule subspherical""",Stevens (2004),,
Menziesia_pilosa,Abiotic,"""Capsule subspherical""",Stevens (2004),,
Rhododendron_leptothrium,Abiotic,"""Capsule longer than wide""",Stevens (2004),,
Rhododendron_ovatum,Abiotic,"""Capsule longer than wide""",Stevens (2004),,
Rhododendron_championiae,Abiotic,"""Capsule longer than wide""",Stevens (2004),,
Rhododendron_henryi,Abiotic,"""Capsule longer than wide""",Stevens (2004),,
Rhododendron_moulmainense,Abiotic,"""Capsule longer than wide""",Stevens (2004),,
Diplarche_multiflora,Abiotic,"""Capsule""",Stevens (2004),,
Empetrum_nigrum,Biotic,"""Drupe""",Anderberg (1994),,
Empetrum_eamesii,Biotic,"""Drupe""",Anderberg (1994),,
Empetrum_hermaphroditum,Biotic,"""Drupe""",Anderberg (1994),,
Empetrum_rubrum,Biotic,"""Drupe""",Anderberg (1994),,
Empetrum_atropurpureum,Biotic,"""Drupe""",Anderberg (1994),,
Corema_conradii,Biotic,"""Drupe""",Anderberg (1994),,
Ceratiola_ericoides,Biotic,"""Drupe""",Anderberg (1994),,
Corema_album,Biotic,"""Drupe""",Anderberg (1994),,
Erica_scoparia,Abiotic,"""Fruit loculicidal or indehiscent""",Stevens (2004),,
Erica_azorica,Abiotic,"""Fruit loculicidal or indehiscent""",Stevens (2004),,
Erica_tetralix,Abiotic,"""Fruit loculicidal or indehiscent""",Stevens (2004),,
Erica_arborea,Abiotic,"""Fruit loculicidal or indehiscent""",Stevens (2004),,
Erica_anguliger,Abiotic,"""Fruit loculicidal or indehiscent""",Stevens (2004),,
Erica_discolor,Abiotic,"""Fruit loculicidal or indehiscent""",Stevens (2004),,
Erica_carnea,Abiotic,"""Fruit loculicidal or indehiscent""",Stevens (2004),,
Erica_cinerea,Abiotic,"""Fruit loculicidal or indehiscent""",Stevens (2004),,
Erica_sicula,Abiotic,"""Fruit loculicidal or indehiscent""",Stevens (2004),,
Bruckenthalia_spiculifolia,Abiotic,"""Fruit loculicidal or indehiscent"" (Erica)",Stevens (2004),,
Calluna_vulgaris,Abiotic,"""Capsule septifragal""",Stevens (2004),,
Daboecia_cantabrica,no_info,no_info,no_info,,
Daboecia_azorica,no_info,no_info,no_info,,
Ledothamnus_sessiliflorus,Abiotic,"""Fruit septicidal""",Stevens (2004),,
Ledothamnus_guyanensis,Abiotic,"""Fruit septicidal""",Stevens (2004),,
Bryanthus_gmelinii,Abiotic,"""Fruit septicidal""",Stevens (2004),,
Phyllodoce_caerulea,Abiotic,"""Fruit septicidal""",Stevens (2004),,
Phyllodoce_nipponica,Abiotic,"""Fruit septicidal""",Stevens (2004),,
Phyllodoce_empetriformis,Abiotic,"""Fruit septicidal""",Stevens (2004),,
Kalmiopsis_fragrans,Abiotic,"""Fruit septicidal""",Stevens (2004),,
Kalmiopsis_leachiana,Abiotic,"""Fruit septicidal""",Stevens (2004),,
Phyllodoce_aleutica,Abiotic,"""Fruit septicidal""",Stevens (2004),,
Rhodothamnus_chamaecistus,Abiotic,"""Fruit septicidal""",Stevens (2004),,
Epigaea_repens,Biotic,"""the placentae alone are fleshy and seeds [É] may be dispersed by ter-restrial animals.""",Stevens (2004),,
Kalmia_latifolia,Abiotic,"""Fruit septicidal""",Stevens (2004),,
Kalmia_hirsuta,Abiotic,"""Fruit septicidal""",Stevens (2004),,
Kalmia_procumbens,Abiotic,"""Fruit septicidal""",Stevens (2004),,
Kalmia_buxifolia,Abiotic,"""Fruit septicidal""",Stevens (2004),,
Kalmia_angustifolia,Abiotic,"""Fruit septicidal""",Stevens (2004),,
Kalmia_polifolia,Abiotic,"""Fruit septicidal""",Stevens (2004),,
Bejaria_aestuans,Abiotic,"""Fruit septicidal""",Stevens (2004),,
Bejaria_resinosa,Abiotic,"""Fruit septicidal""",Stevens (2004),,
Bejaria_racemosa,Abiotic,"""Fruit septicidal""",Stevens (2004),,
Elliottia_bracteata,Abiotic,"""Fruit septicidal""",Stevens (2004),,
Cassiope_selaginoides,Abiotic,"""Capsule""",Stevens (1970),,
Cassiope_fastigiata,Abiotic,"""Capsule""",Stevens (1970),,
Cassiope_dendrotricha,Abiotic,"""Capsule""",Stevens (1970),,
Cassiope_pectinata,Abiotic,"""Capsule""",Stevens (1970),,
Cassiope_mertensiana,Abiotic,"""Capsule""",Stevens (1970),,
Arbutus_canariensis,Biotic,"""Baccate fruit""",Hileman (2001),,
Arbutus_menziesii,Biotic,"""Baccate fruit""",Hileman (2001),,
Comarostaphylis_arbutoides,Biotic,"""Fleshy fruits""",Diggs (1987),,
Arctous_rubra,Biotic,"""Drupaceous fruit""",Hileman (2001),,
Arctous_alpina,Biotic,"""Drupaceous fruit""",Hileman (2001),,
Arctostaphylos_pungens,Biotic,"""Drupaceous fruit""",Hileman (2001),,
Arctostaphylos_uva_ursi,Biotic,"""Drupaceous fruit""",Hileman (2001),,
Monotropa_hypopitys,Abiotic,"""Capsule""",Stevens (2004),,
Allotropa_virgata,Abiotic,"""Capsule""",Lichthardt (1995),,
Pyrola_rotundifolia,Abiotic,"""Capsule valves with cobwebby edges""",Stevens (2004),,
Pyrola_elliptica,Abiotic,"""Capsule valves with cobwebby edges""",Stevens (2004),,
Pyrola_minor,Abiotic,"""Capsule valves with cobwebby edges""",Stevens (2004),,
Pyrola_grandiflora,Abiotic,"""Capsule valves with cobwebby edges""",Stevens (2004),,
Pyrola_picta,Abiotic,"""Capsule valves with cobwebby edges""",Stevens (2004),,
Orthilia_secunda,Abiotic,"""Capsule""",Freudenstein (1999),,
Chimaphila_maculata,Abiotic,"""Capsule""",Takahashi (1993),,
Chimaphila_umbellata,Abiotic,"""Capsule""",Takahashi (1993),,
Moneses_uniflora,Abiotic,"""Capsule""",Takahashi (1993),,
Enkianthus_campanulatus,Abiotic,"""Capsule""",Stevens (2004),,
Enkianthus_cernuus,Abiotic,"""Capsule""",Stevens (2004),,
Enkianthus_sikokianus,Abiotic,"""Capsule""",Stevens (2004),,
Enkianthus_chinensis,Abiotic,"""Capsule""",Stevens (2004),,
Enkianthus_deflexus_var_deflexus,Abiotic,"""Capsule""",Stevens (2004),,
Enkianthus_subsessilis,Abiotic,"""Capsule""",Stevens (2004),,
Enkianthus_nudipes,Abiotic,"""Capsule""",Stevens (2004),,
Enkianthus_perulatus,Abiotic,"""Capsule""",Stevens (2004),,
Enkianthus_quinqueflorus,Abiotic,"""Capsule""",Stevens (2004),,
Actinidia_eriantha,remove,outgroup,,,
Actinidia_cylindrica,remove,outgroup,,,
Actinidia_callosa_var_discolor,remove,outgroup,,,
Actinidia_sabiifolia,remove,outgroup,,,
Actinidia_henanensis,remove,outgroup,,,
Actinidia_chinensis,remove,outgroup,,,
Actinidia_deliciosa,remove,outgroup,,,
Actinidia_melanandra,remove,outgroup,,,
Actinidia_arguta,remove,outgroup,,,
Actinidia_valvata,remove,outgroup,,,
Actinidia_polygama,remove,outgroup,,,
Clematoclethra_lasioclada,remove,outgroup,,,
Saurauia_tristyla,remove,outgroup,,,
Saurauia_montana,remove,outgroup,,,
Roridula_gorgonias,remove,outgroup,,,
Roridula_dentata,remove,outgroup,,,
Sarracenia_flava,remove,outgroup,,,
Sarracenia_purpurea,remove,outgroup,,,
Heliamphora_minor,remove,outgroup,,,
Heliamphora_nutans,remove,outgroup,,,
Darlingtonia_californica,remove,outgroup,,,
Clethra_alnifolia,remove,outgroup,,,
Clethra_mexicana,remove,outgroup,,,
Clethra_barbinervis,remove,outgroup,,,
Clethra_arborea,remove,outgroup,,,
Cliftonia_monophylla,remove,outgroup,,,
Cyrilla_racemiflora,remove,outgroup,,,
Ranunculus_acris,remove,outgroup,,,