Species,Dispersal_mode,Fruits type,Notes,References
Porteranthus_stipulatus,Abiotic,"""Follicles""",,Gormley (1915)
Spiraea_trifoliata,Abiotic,Follicetum,,Xiang et al. (2016)
Gillenia_trifoliata,Abiotic,Follicetum,,Xiang et al. (2016)
Gillenia_stipulata,Abiotic,Follicetum,,Xiang et al. (2016)
Lindleya_mespiloides,Abiotic,"""Capsular dry fruits""",,Henrickson (2012)
Vauquelinia_corymbosa,Abiotic,Coccetum,,Xiang et al. (2016)
Vauquelinia_californica,Abiotic,Coccetum,,Xiang et al. (2016)
Sorbus_thomsonii,Biotic,Pome,,Xiang et al. (2016)
Sorbus_caloneura,Biotic,Pome,,Xiang et al. (2016)
Sorbus_dunnii,Biotic,Pome,,Xiang et al. (2016)
Sorbus_folgneri,Biotic,Pome,,Xiang et al. (2016)
Sorbus_yuana,Biotic,Pome,,Xiang et al. (2016)
Aria_alnifolia,Biotic,Pome,Note: Sorbus alnifolia (Basionym),Xiang et al. (2016); Tropicos accessed on Dec.2020
Sorbus_hemsleyi,Biotic,Pome,,Xiang et al. (2016)
Sorbus_tsinlingensis,Biotic,Pome,,Xiang et al. (2016)
Sorbus_coronata,Biotic,Pome,,Xiang et al. (2016)
Photinia_hirsuta,Biotic,Pome,,Xiang et al. (2016)
Photinia_impressivena,Biotic,Pome,,Xiang et al. (2016)
Photinia_sorbifolia,Biotic,Pome,,Xiang et al. (2016)
Photinia_schneideriana,Biotic,Pome,,Xiang et al. (2016)
Photinia_benthamiana,Biotic,Pome,,Xiang et al. (2016)
Photinia_fokienensis,Biotic,Pome,,Xiang et al. (2016)
Photinia_parvifolia,Biotic,Pome,,Xiang et al. (2016)
Photinia_villosa,Biotic,Pome,,Xiang et al. (2016)
Photinia_komarovii,Biotic,Pome,,Xiang et al. (2016)
Photinia_tsaii,Biotic,Pome,,Xiang et al. (2016)
Photinia_beauverdiana,Biotic,Pome,,Xiang et al. (2016)
Rhaphiolepis_umbellata,Biotic,Pome,,Xiang et al. (2016)
Photinia_stenophylla,Biotic,Pome,,Xiang et al. (2016)
Cotoneaster_verruculosus,Biotic,Drupe-like pome,,Lu and Brach (2003); Fryer and Hylmo_ (2011)
Cotoneaster_nitidus,Biotic,Drupe-like pome,,Lu and Brach (2003); Fryer and Hylmo_ (2011)
Cotoneaster_morrisonensis,Biotic,Drupe-like pome,,Lu and Brach (2003); Fryer and Hylmo_ (2011)
Cotoneaster_assamensis,Biotic,Drupe-like pome,,Lu and Brach (2003); Fryer and Hylmo_ (2011)
Cotoneaster_roseus,Biotic,Drupe-like pome,,Lu and Brach (2003); Fryer and Hylmo_ (2011)
Cotoneaster_melanocarpus,Biotic,Drupe-like pome,,Lu and Brach (2003); Fryer and Hylmo_ (2011)
Cotoneaster_integerrimus,Biotic,Drupe-like pome,,Lu and Brach (2003); Fryer and Hylmo_ (2011)
Cotoneaster_armenus,Biotic,Drupe-like pome,,Lu and Brach (2003); Fryer and Hylmo_ (2011)
Cotoneaster_niger,Biotic,Drupe-like pome,,Lu and Brach (2003); Fryer and Hylmo_ (2011)
Cotoneaster_cambricus,Biotic,Drupe-like pome,,Lu and Brach (2003); Fryer and Hylmo_ (2011)
Cotoneaster_racemiflorus,Biotic,Drupe-like pome,,Lu and Brach (2003); Fryer and Hylmo_ (2011)
Cotoneaster_mongolicus,Biotic,Drupe-like pome,,Lu and Brach (2003); Fryer and Hylmo_ (2011)
Cotoneaster_multiflorus,Biotic,Drupe-like pome,,Lu and Brach (2003); Fryer and Hylmo_ (2011)
Cotoneaster_przewalskii,Biotic,Drupe-like pome,,Lu and Brach (2003); Fryer and Hylmo_ (2011)
Cotoneaster_bullatus,Biotic,Drupe-like pome,,Lu and Brach (2003); Fryer and Hylmo_ (2011)
Cotoneaster_sylvestrii,Biotic,Drupe-like pome,,Lu and Brach (2003); Fryer and Hylmo_ (2011)
Cotoneaster_oliganthus,Biotic,Drupe-like pome,,Lu and Brach (2003); Fryer and Hylmo_ (2011)
Cotoneaster_hebephyllus,Biotic,Drupe-like pome,,Lu and Brach (2003); Fryer and Hylmo_ (2011)
Cotoneaster_submultiflorus,Biotic,Drupe-like pome,,Lu and Brach (2003); Fryer and Hylmo_ (2011)
Cotoneaster_dammeri,Biotic,Drupe-like pome,,Lu and Brach (2003); Fryer and Hylmo_ (2011)
Cotoneaster_coriaceus,Biotic,Drupe-like pome,,Lu and Brach (2003); Fryer and Hylmo_ (2011)
Cotoneaster_turbinatus,Biotic,Drupe-like pome,,Lu and Brach (2003); Fryer and Hylmo_ (2011)
Cotoneaster_giraldii,Biotic,Drupe-like pome,,Lu and Brach (2003); Fryer and Hylmo_ (2011)
Cotoneaster_conspicuus,Biotic,Drupe-like pome,,Lu and Brach (2003); Fryer and Hylmo_ (2011)
Cotoneaster_poluninii,Biotic,Drupe-like pome,,Lu and Brach (2003); Fryer and Hylmo_ (2011)
Cotoneaster_procumbens,Biotic,Drupe-like pome,,Lu and Brach (2003); Fryer and Hylmo_ (2011)
Cotoneaster_buxifolius,Biotic,Drupe-like pome,,Lu and Brach (2003); Fryer and Hylmo_ (2011)
Cotoneaster_frigidus,Biotic,Drupe-like pome,,Lu and Brach (2003); Fryer and Hylmo_ (2011)
Cotoneaster_monopyrenus,Biotic,Drupe-like pome,,Lu and Brach (2003); Fryer and Hylmo_ (2011)
Cotoneaster_songaricus,Biotic,Drupe-like pome,,Lu and Brach (2003); Fryer and Hylmo_ (2011)
Cotoneaster_glomerulatus,Biotic,Drupe-like pome,,Lu and Brach (2003); Fryer and Hylmo_ (2011)
Cotoneaster_reticulatus,Biotic,Drupe-like pome,,Lu and Brach (2003); Fryer and Hylmo_ (2011)
Cotoneaster_dielsianus,Biotic,Drupe-like pome,,Lu and Brach (2003); Fryer and Hylmo_ (2011)
Cotoneaster_divaricatus,Biotic,Drupe-like pome,,Lu and Brach (2003); Fryer and Hylmo_ (2011)
Cotoneaster_obscurus,Biotic,Drupe-like pome,,Lu and Brach (2003); Fryer and Hylmo_ (2011)
Cotoneaster_adpressus,Biotic,Drupe-like pome,,Lu and Brach (2003); Fryer and Hylmo_ (2011)
Cotoneaster_sternianus,Biotic,Drupe-like pome,,Lu and Brach (2003); Fryer and Hylmo_ (2011)
Cotoneaster_wardii,Biotic,Drupe-like pome,,Lu and Brach (2003); Fryer and Hylmo_ (2011)
Cotoneaster_acuminatus,Biotic,Drupe-like pome,,Lu and Brach (2003); Fryer and Hylmo_ (2011)
Cotoneaster_atropurpureus,Biotic,Drupe-like pome,,Lu and Brach (2003); Fryer and Hylmo_ (2011)
Cotoneaster_moupinensis,Biotic,Drupe-like pome,,Lu and Brach (2003); Fryer and Hylmo_ (2011)
Cotoneaster_taoensis,Biotic,Drupe-like pome,,Lu and Brach (2003); Fryer and Hylmo_ (2011)
Cotoneaster_microphyllus,Biotic,Drupe-like pome,,Lu and Brach (2003); Fryer and Hylmo_ (2011)
Cotoneaster_perpusillus,Biotic,Drupe-like pome,,Lu and Brach (2003); Fryer and Hylmo_ (2011)
Cotoneaster_salicifolius,Biotic,Drupe-like pome,,Lu and Brach (2003); Fryer and Hylmo_ (2011)
Cotoneaster_ambiguus,Biotic,Drupe-like pome,,Lu and Brach (2003); Fryer and Hylmo_ (2011)
Cotoneaster_foveolatus,Biotic,Drupe-like pome,,Lu and Brach (2003); Fryer and Hylmo_ (2011)
Cotoneaster_franchetii,Biotic,Drupe-like pome,,Lu and Brach (2003); Fryer and Hylmo_ (2011)
Cotoneaster_subadpressus,Biotic,Drupe-like pome,,Lu and Brach (2003); Fryer and Hylmo_ (2011)
Cotoneaster_glaucophyllus,Biotic,Drupe-like pome,,Lu and Brach (2003); Fryer and Hylmo_ (2011)
Cotoneaster_rotundifolius,Biotic,Drupe-like pome,,Lu and Brach (2003); Fryer and Hylmo_ (2011)
Cotoneaster_acutifolius,Biotic,Drupe-like pome,,Lu and Brach (2003); Fryer and Hylmo_ (2011)
Cotoneaster_nitens,Biotic,Drupe-like pome,,Lu and Brach (2003); Fryer and Hylmo_ (2011)
Cotoneaster_sp,Biotic,Drupe-like pome,,Lu and Brach (2003); Fryer and Hylmo_ (2011)
Cotoneaster_pannosus,Biotic,Drupe-like pome,,Lu and Brach (2003); Fryer and Hylmo_ (2011)
Cotoneaster_apiculatus,Biotic,Drupe-like pome,,Lu and Brach (2003); Fryer and Hylmo_ (2011)
Cotoneaster_rehderi,Biotic,Drupe-like pome,,Lu and Brach (2003); Fryer and Hylmo_ (2011)
Cotoneaster_horizontalis,Biotic,Drupe-like pome,,Lu and Brach (2003); Fryer and Hylmo_ (2011)
Cotoneaster_harrysmithii,Biotic,Drupe-like pome,,Lu and Brach (2003); Fryer and Hylmo_ (2011)
Photinia_berberidifolia,Biotic,Pome,,Xiang et al. (2016)
Stranvaesia_davidiana,Biotic,Pome,,Xiang et al. (2016)
Photinia_davidiana,Biotic,Pome,,Xiang et al. (2016)
Photinia_integrifolia,Biotic,Pome,,Xiang et al. (2016)
Photinia_prionophylla,Biotic,Pome,,Xiang et al. (2016)
Cormus_domestica,Biotic,Pome,note: Basionym Sorbus domestica,Xiang et al. (2016)
Sorbus_domestica,Biotic,Pome,,Xiang et al. (2016)
Chamaemespilus_alpina,Biotic,Pome,"note: "" Often included in Sorbus s.""",Robertson et al. 1991
Sorbus_cambrensis,Biotic,Pome,,Xiang et al. (2016)
Sorbus_porrigentiformis,Biotic,Pome,,Xiang et al. (2016)
Sorbus_eminentiformis,Biotic,Pome,,Xiang et al. (2016)
Sorbus_stenophylla,Biotic,Pome,,Xiang et al. (2016)
Sorbus_rupicola,Biotic,Pome,,Xiang et al. (2016)
Sorbus_aria,Biotic,Pome,,Xiang et al. (2016)
Sorbus_whiteana,Biotic,Pome,,Xiang et al. (2016)
Sorbus_hibernica,Biotic,Pome,,Xiang et al. (2016)
Sorbus_leptophylla,Biotic,Pome,,Xiang et al. (2016)
Sorbus_stirtoniana,Biotic,Pome,,Xiang et al. (2016)
Sorbus_saxicola,Biotic,Pome,,Xiang et al. (2016)
Sorbus_eminens,Biotic,Pome,,Xiang et al. (2016)
Torminalis_sp,Biotic,Pome,note: segragated from Sorbus,Robertson et al. 1991
Torminalis_clusii,Biotic,Pome,note: segragated from Sorbus,Robertson et al. 1991
Sorbus_torminalis,Biotic,Pome,,Xiang et al. (2016)
Pyracantha_angustifolia,Biotic,Pome,,Robertson et al. 1991
Pyracantha_crenulata,Biotic,Pome,,Robertson et al. 1991
Pyracantha_fortuneana,Biotic,Pome,,Robertson et al. 1991
Pyracantha_coccinea,Biotic,Pome,,Robertson et al. 1991
Eriobotrya_deflexa,Biotic,Pome,,Xiang et al. (2016)
Eriobotrya_fragrans,Biotic,Pome,,Xiang et al. (2016)
Eriobotrya_japonica,Biotic,Pome,,Xiang et al. (2016)
Eriobotrya_bengalensis,Biotic,Pome,,Xiang et al. (2016)
Eriobotrya_tengyuehensis,Biotic,Pome,,Xiang et al. (2016)
Eriobotrya_prinoides,Biotic,Pome,,Xiang et al. (2016)
Eriobotrya_seguinii,Biotic,Pome,,Xiang et al. (2016)
Eriobotrya_malipoensis,Biotic,Pome,,Xiang et al. (2016)
Rhaphiolepis_indica,Biotic,Pome,,Xiang et al. (2016)
Dichotomanthes_tristaniicarpa,Biotic,Pome,"note: ""The flesh of the fruit is of hypanthial origin, unlike the drupe of Prunus, which comes from ovarian tissue""",Robertson et al. 1991
Osteomeles_schwerinae,Biotic,Pome,,"Rohrer et al., 1991"
Osteomeles_anthyllidifolia,Biotic,Pome,,"Rohrer et al., 1991"
Photinia_bodinieri,Biotic,Pome,,Xiang et al. (2016)
Stranvaesia_nussia,Biotic,Pome,,Xiang et al. (2016)
Stranvaesia_oblanceolata,Biotic,Pome,,Xiang et al. (2016)
Eriobotrya_cavaleriei,Biotic,Pome,,Xiang et al. (2016)
Pyrus_ussuriensis,Biotic,Pome,,Xiang et al. (2016)
Pyrus_korshinskyi,Biotic,Pome,,Xiang et al. (2016)
Pyrus_hopeiensis,Biotic,Pome,,Xiang et al. (2016)
Pyrus_syriaca,Biotic,Pome,,Xiang et al. (2016)
Pyrus_spinosa,Biotic,Pome,,Xiang et al. (2016)
Pyrus_elaeagnifolia,Biotic,Pome,,Xiang et al. (2016)
Pyrus_amygdaliformis,Biotic,Pome,,Xiang et al. (2016)
Pyrus_communis,Biotic,Pome,,Xiang et al. (2016)
Pyrus_elaeagrifolia,Biotic,Pome,,Xiang et al. (2016)
Pyrus_cossonii,Biotic,Pome,,Xiang et al. (2016)
Pyrus_salicifolia,Biotic,Pome,,Xiang et al. (2016)
Pyrus_sinkiangensis,Biotic,Pome,,Xiang et al. (2016)
Pyrus_pashia,Biotic,Pome,,Xiang et al. (2016)
Pyrus_pseudopashia,Biotic,Pome,,Xiang et al. (2016)
Pyrus_fauriei,Biotic,Pome,,Xiang et al. (2016)
Pyrus_betulifolia,Biotic,Pome,,Xiang et al. (2016)
Pyrus_serrulata,Biotic,Pome,,Xiang et al. (2016)
Pyrus_dimorphophylla,Biotic,Pome,,Xiang et al. (2016)
Pyrus_phaeocarpa,Biotic,Pome,,Xiang et al. (2016)
Pyrus_calleryana,Biotic,Pome,,Xiang et al. (2016)
Pyrus_pyrifolia,Biotic,Pome,,Xiang et al. (2016)
Chaenomeles_sinensis,Biotic,polyprenous drupe,,Xiang et al. (2016)
Cydonia_oblonga,Biotic,Pome,,Xiang et al. (2016)
Crataegus_columbiana,Biotic,polyprenous drupe,,Xiang et al. (2016)
Photinia_serratifolia,Biotic,Pome,,Xiang et al. (2016)
Photinia_glomerata,Biotic,Pome,,Xiang et al. (2016)
Photinia_chihsiniana,Biotic,Pome,,Xiang et al. (2016)
Photinia_lochengensis,Biotic,Pome,,Xiang et al. (2016)
Photinia_tushanensis,Biotic,Pome,,Xiang et al. (2016)
Photinia_prunifolia,Biotic,Pome,,Xiang et al. (2016)
Photinia_glabra,Biotic,Pome,,Xiang et al. (2016)
Photinia_raupingensis,Biotic,Pome,,Xiang et al. (2016)
Heteromeles_arbutifolia,Biotic,Pome,,Xiang et al. (2016)
Malus_doumeri,Biotic,Pome,,Xiang et al. (2016)
Malus_leiocalyca,Biotic,Pome,,Xiang et al. (2016)
Chamaemeles_coriacea,Biotic,Pome,,Rohrer et al. (1991)
Docyniopsis_tschonoskii,Biotic,Pome,,Rohrer et al. (1991)
Malus_tschonoskii,Biotic,Pome,,Xiang et al. (2016)
Malus_spectabilis,Biotic,Pome,,Xiang et al. (2016)
Docynia_indica,Biotic,Pome,,Rohrer et al. (1991)
Docynia_delavayi,Biotic,Pome,,Rohrer et al. (1991)
Malus_florentina,Biotic,Pome,,Xiang et al. (2016)
Malus_brevipes,Biotic,Pome,,Xiang et al. (2016)
Malus_prattii,Biotic,Pome,,Xiang et al. (2016)
Malus_honanensis,Biotic,Pome,,Xiang et al. (2016)
Malus_fusca,Biotic,Pome,,Xiang et al. (2016)
Malus_kansuensis,Biotic,Pome,,Xiang et al. (2016)
Malus_yunnanensis,Biotic,Pome,,Xiang et al. (2016)
Malus_toringoides,Biotic,Pome,,Xiang et al. (2016)
Malus_ombrophila,Biotic,Pome,,Xiang et al. (2016)
Malus_sieversii,Biotic,Pome,,Xiang et al. (2016)
Malus_asiatica,Biotic,Pome,,Xiang et al. (2016)
Malus_denticulata,Biotic,Pome,,Xiang et al. (2016)
Malus_niedzwetzkyana,Biotic,Pome,,Xiang et al. (2016)
Malus_orientalis,Biotic,Pome,,Xiang et al. (2016)
Malus_ringo,Biotic,Pome,,Xiang et al. (2016)
Malus_caspiriensis,Biotic,Pome,,Xiang et al. (2016)
Malus_sylvestris,Biotic,Pome,,Xiang et al. (2016)
Malus_domestica,Biotic,Pome,,Xiang et al. (2016)
Malus_transitoria,Biotic,Pome,,Xiang et al. (2016)
Malus_baccata,Biotic,Pome,,Xiang et al. (2016)
Malus_rockii,Biotic,Pome,,Xiang et al. (2016)
Malus_hupehensis,Biotic,Pome,,Xiang et al. (2016)
Malus_halliana,Biotic,Pome,,Xiang et al. (2016)
Malus_carolinensis,Biotic,Pome,,Xiang et al. (2016)
Malus_sargentii,Biotic,Pome,,Xiang et al. (2016)
Malus_prunifolia,Biotic,Pome,,Xiang et al. (2016)
Malus_zumi,Biotic,Pome,,Xiang et al. (2016)
Malus_pallasiana,Biotic,Pome,,Xiang et al. (2016)
Malus_pumila,Biotic,Pome,,Xiang et al. (2016)
Malus_micromalus,Biotic,Pome,,Xiang et al. (2016)
Malus_floribunda,Biotic,Pome,,Xiang et al. (2016)
Malus_mandshurica,Biotic,Pome,,Xiang et al. (2016)
Malus_sieboldii,Biotic,Pome,,Xiang et al. (2016)
Malus_sikkimensis,Biotic,Pome,,Xiang et al. (2016)
Malus_trilobata,Biotic,Pome,,Xiang et al. (2016)
Malus_coronaria,Biotic,Pome,,Xiang et al. (2016)
Malus_angustifolia,Biotic,Pome,,Xiang et al. (2016)
Malus_ioensis,Biotic,Pome,,Xiang et al. (2016)
Pseudocydonia_sinensis,Biotic,Pome,,Xiang et al. (2016)
Chaenomeles_speciosa,Biotic,polyprenous drupe,,Xiang et al. (2016)
Chaenomeles_japonica,Biotic,polyprenous drupe,,Xiang et al. (2016)
Chaenomeles_cathayensis,Biotic,polyprenous drupe,,Xiang et al. (2016)
Photinia_oblongifolia,Biotic,Pome,,Xiang et al. (2016)
Crataegus_meyeri,Biotic,polyprenous drupe,,Xiang et al. (2016)
Crataegus_rhipidophylla,Biotic,polyprenous drupe,,Xiang et al. (2016)
Crataegus_nevadensis,Biotic,polyprenous drupe,,Xiang et al. (2016)
Crataegus_pseudoheterophylla,Biotic,polyprenous drupe,,Xiang et al. (2016)
Crataegus_orientalis,Biotic,polyprenous drupe,,Xiang et al. (2016)
Crataegus_pycnoloba,Biotic,polyprenous drupe,,Xiang et al. (2016)
Crataegus_phaenopyrum,Biotic,polyprenous drupe,,Xiang et al. (2016)
Crataegus_marshallii,Biotic,polyprenous drupe,,Xiang et al. (2016)
Crataegus_almaatensis,Biotic,polyprenous drupe,,Xiang et al. (2016)
Crataegus_douglasii,Biotic,polyprenous drupe,,Xiang et al. (2016)
Crataegus_castlegarensis,Biotic,polyprenous drupe,,Xiang et al. (2016)
Crataegus_suksdorfii,Biotic,polyprenous drupe,,Xiang et al. (2016)
Crataegus_sanguinea,Biotic,polyprenous drupe,,Xiang et al. (2016)
Crataegus_chlorosarca,Biotic,polyprenous drupe,,Xiang et al. (2016)
Crataegus_wattiana,Biotic,polyprenous drupe,,Xiang et al. (2016)
Crataegus_russanovii,Biotic,polyprenous drupe,,Xiang et al. (2016)
Crataegus_dahurica,Biotic,polyprenous drupe,,Xiang et al. (2016)
Crataegus_kansuensis,Biotic,polyprenous drupe,,Xiang et al. (2016)
Crataegus_maximowiczii,Biotic,polyprenous drupe,,Xiang et al. (2016)
Crataegus_wilsonii,Biotic,polyprenous drupe,,Xiang et al. (2016)
Crataegus_nigra,Biotic,polyprenous drupe,,Xiang et al. (2016)
Crataegus_saligna,Biotic,polyprenous drupe,,Xiang et al. (2016)
Crataegus_erythropoda,Biotic,polyprenous drupe,,Xiang et al. (2016)
Crataegus_rivularis,Biotic,polyprenous drupe,,Xiang et al. (2016)
Crataegus_calpodendron,Biotic,polyprenous drupe,,Xiang et al. (2016)
Crataegus_succulenta,Biotic,polyprenous drupe,,Xiang et al. (2016)
Crataegus_macracantha,Biotic,polyprenous drupe,,Xiang et al. (2016)
Crataegus_sp,remove,remove,,remove
Crataegus_submollis,Biotic,polyprenous drupe,,Xiang et al. (2016)
Crataegus_mollis,Biotic,polyprenous drupe,,Xiang et al. (2016)
Crataegus_aestivalis,Biotic,polyprenous drupe,,Xiang et al. (2016)
Crataegus_rufula,Biotic,polyprenous drupe,,Xiang et al. (2016)
Crataegus_flabellata,Biotic,polyprenous drupe,,Xiang et al. (2016)
Crataegus_irrasa,Biotic,polyprenous drupe,,Xiang et al. (2016)
Crataegus_engelmannii,Biotic,polyprenous drupe,,Xiang et al. (2016)
Crataegus_crux,Biotic,polyprenous drupe,,Xiang et al. (2016)
Crataegus_collina,Biotic,polyprenous drupe,,Xiang et al. (2016)
Crataegus_okennonii,Biotic,polyprenous drupe,,Xiang et al. (2016)
Crataegus_chrysocarpa,Biotic,polyprenous drupe,,Xiang et al. (2016)
Crataegus_agrestina,Biotic,polyprenous drupe,,Xiang et al. (2016)
Crataegus_lassa,Biotic,polyprenous drupe,,Xiang et al. (2016)
Crataegus_munda,Biotic,polyprenous drupe,,Xiang et al. (2016)
Crataegus_triflora,Biotic,polyprenous drupe,,Xiang et al. (2016)
Crataegus_punctata,Biotic,polyprenous drupe,,Xiang et al. (2016)
Crataegus_enderbyensis,Biotic,polyprenous drupe,,Xiang et al. (2016)
Crataegus_dodgei,Biotic,polyprenous drupe,,Xiang et al. (2016)
Crataegus_crus-galli,Biotic,polyprenous drupe,,Xiang et al. (2016)
Crataegus_compacta,Biotic,polyprenous drupe,,Xiang et al. (2016)
Crataegus_harbisonii,Biotic,polyprenous drupe,,Xiang et al. (2016)
Crataegus_ashei,Biotic,polyprenous drupe,,Xiang et al. (2016)
Crataegus_viridis,Biotic,polyprenous drupe,,Xiang et al. (2016)
Crataegus_sargentii,Biotic,polyprenous drupe,,Xiang et al. (2016)
Crataegus_opaca,Biotic,polyprenous drupe,,Xiang et al. (2016)
Crataegus_uniflora,Biotic,polyprenous drupe,,Xiang et al. (2016)
Crataegus_grossidentata,Biotic,polyprenous drupe,,Xiang et al. (2016)
Crataegus_laevigata,Biotic,polyprenous drupe,,Xiang et al. (2016)
Crataegus_heldreichii,Biotic,polyprenous drupe,,Xiang et al. (2016)
Crataegus_babakhanloui,Biotic,polyprenous drupe,,Xiang et al. (2016)
Crataegus_monogyna,Biotic,polyprenous drupe,,Xiang et al. (2016)
Crataegus_songarica,Biotic,polyprenous drupe,,Xiang et al. (2016)
Crataegus_pinnatifida,Biotic,polyprenous drupe,,Xiang et al. (2016)
Crataegus_pentagyna,Biotic,polyprenous drupe,,Xiang et al. (2016)
Crataegus_hupehensis,Biotic,polyprenous drupe,,Xiang et al. (2016)
Crataegus_spathulata,Biotic,polyprenous drupe,,Xiang et al. (2016)
Mespilus_canescens,Biotic,polyprenous drupe,,Xiang et al. (2016)
Mespilus_germanica,Biotic,polyprenous drupe,,Xiang et al. (2016)
Crataegus_brachyacantha,Biotic,polyprenous drupe,,Xiang et al. (2016)
Hesperomeles_latifolia,Biotic,Pome,,Rohrer et al. (1991)
Hesperomeles_palcensis,Biotic,Pome,,Xiang et al. (2016)
Malacomeles_denticulata,Biotic,Pome,,Xiang et al. (2016)
Amelanchier_alnifolia,Biotic,Pome,,Xiang et al. (2016)
Amelanchier_sanguinea,Biotic,Pome,,Xiang et al. (2016)
Amelanchier_cusickii,Biotic,Pome,,Xiang et al. (2016)
Amelanchier_utahensis,Biotic,Pome,,Xiang et al. (2016)
Amelanchier_pumila,Biotic,Pome,,Xiang et al. (2016)
Amelanchier_spicata,Biotic,Pome,,Xiang et al. (2016)
Amelanchier_ovalis,Biotic,Pome,,Xiang et al. (2016)
Amelanchier_interior,Biotic,Pome,,Xiang et al. (2016)
Amelanchier_arborea,Biotic,Pome,,Xiang et al. (2016)
Amelanchier_bartramiana,Biotic,Pome,,Xiang et al. (2016)
Amelanchier_quinti-martii,Biotic,Pome,,Xiang et al. (2016)
Amelanchier_intermedia,Biotic,Pome,,Xiang et al. (2016)
Amelanchier_nantucketensis,Biotic,Pome,,Xiang et al. (2016)
Amelanchier_canadensis,Biotic,Pome,,Xiang et al. (2016)
Amelanchier_fernaldii,Biotic,Pome,,Xiang et al. (2016)
Amelanchier_stolonifera,Biotic,Pome,,Xiang et al. (2016)
Amelanchier_laevis,Biotic,Pome,,Xiang et al. (2016)
Amelanchier_lamarckii,Biotic,Pome,,Xiang et al. (2016)
Amelanchier_asiatica,Biotic,Pome,,Xiang et al. (2016)
Peraphyllum_ramosissimum,Biotic,Pome,,Rohrer et al. (1991)
Sorbus_randaiensis,Biotic,Pome,,Xiang et al. (2016)
Sorbus_forrestii,Biotic,Pome,,Xiang et al. (2016)
Sorbus_discolor,Biotic,Pome,,Xiang et al. (2016)
Sorbus_koehneana,Biotic,Pome,,Xiang et al. (2016)
Sorbus_aronioides,Biotic,Pome,,Xiang et al. (2016)
Sorbus_prattii,Biotic,Pome,,Xiang et al. (2016)
Sorbus_glomerulata,Biotic,Pome,,Xiang et al. (2016)
Sorbus_tianschanica,Biotic,Pome,,Xiang et al. (2016)
Sorbus_commixta,Biotic,Pome,,Xiang et al. (2016)
Sorbus_intermedia,Biotic,Pome,,Xiang et al. (2016)
Sorbus_scopulina,Biotic,Pome,,Xiang et al. (2016)
Sorbus_vilmorinii,Biotic,Pome,,Xiang et al. (2016)
Sorbus_decora,Biotic,Pome,,Xiang et al. (2016)
Sorbus_leyana,Biotic,Pome,,Xiang et al. (2016)
Sorbus_cuneifolia,Biotic,Pome,,Xiang et al. (2016)
Sorbus_aucuparia,Biotic,Pome,,Xiang et al. (2016)
Sorbus_anglica,Biotic,Pome,,Xiang et al. (2016)
Sorbus_minima,Biotic,Pome,,Xiang et al. (2016)
Sorbus_americana,Biotic,Pome,,Xiang et al. (2016)
Sorbus_californica,Biotic,Pome,,Xiang et al. (2016)
Sorbus_sambucifolia,Biotic,Pome,,Xiang et al. (2016)
Aronia_melanocarpa,Biotic,Pome,,Rohrer et al. (1991)
Aronia_arbutifolia,Biotic,Pome,,Rohrer et al. (1991)
Aronia_sp,remove,remove,,
Aronia_prunifolia,Biotic,Pome,,Rohrer et al. (1991)
Lindleyella_schiedeana,Abiotic,Capsule,"note: ""Obose, loculicidally dehiscent woody capsule""",Henrickson (2012)
Kageneckia_oblonga,Abiotic,Follicetum,,Xiang et al. (2016)
Kageneckia_angustifolia,Abiotic,Follicetum,,Xiang et al. (2016)
Prunus_hypoleuca,Biotic,Drupe,,Xiang et al. (2016)
Prunus_incisoserrata,Biotic,Drupe,,Xiang et al. (2016)
Prunus_lusitanica,Biotic,Drupe,,Xiang et al. (2016)
Prunus_azorica,Biotic,Drupe,,Xiang et al. (2016)
Prunus_laurocerasus,Biotic,Drupe,,Xiang et al. (2016)
Prunus_undulata,Biotic,Drupe,,Xiang et al. (2016)
Prunus_perulata,Biotic,Drupe,,Xiang et al. (2016)
Prunus_buergeriana,Biotic,Drupe,,Xiang et al. (2016)
Prunus_virginiana,Biotic,Drupe,,Xiang et al. (2016)
Prunus_padus,Biotic,Drupe,,Xiang et al. (2016)
Prunus_obtusata,Biotic,Drupe,,Xiang et al. (2016)
Prunus_brachypoda,Biotic,Drupe,,Xiang et al. (2016)
Prunus_fordiana,Biotic,Drupe,,Xiang et al. (2016)
Prunus_phaeosticta,Biotic,Drupe,,Xiang et al. (2016)
Prunus_occidentalis,Biotic,Drupe,,Xiang et al. (2016)
Prunus_ilicifolia,Biotic,Drupe,,Xiang et al. (2016)
Prunus_alabamensis,Biotic,Drupe,,Xiang et al. (2016)
Prunus_serotina,Biotic,Drupe,,Xiang et al. (2016)
Prunus_skutchii,Biotic,Drupe,,Xiang et al. (2016)
Prunus_andersonii,Biotic,Drupe,,Xiang et al. (2016)
Prunus_africana,Biotic,Drupe,,Xiang et al. (2016)
Prunus_javanica,Biotic,Drupe,,Xiang et al. (2016)
Laurocerasus_sp,Biotic,Drupe,Note: Laurocerasus is included in Prunus,Kalkman (1965) 
Prunus_zippeliana,Biotic,Drupe,,Xiang et al. (2016)
Prunus_grayana,Biotic,Drupe,,Xiang et al. (2016)
Prunus_oblonga,Biotic,Drupe,,Xiang et al. (2016)
Prunus_lancilimba,Biotic,Drupe,,Xiang et al. (2016)
Prunus_oocarpa,Biotic,Drupe,,Xiang et al. (2016)
Prunus_grisea,Biotic,Drupe,,Xiang et al. (2016)
Prunus_debilis,Biotic,Drupe,,Xiang et al. (2016)
Pygeum_ceylanica,Biotic,Drupe,,Xiang et al. (2016)
Prunus_malayana,Biotic,Drupe,,Xiang et al. (2016)
Prunus_polystachya,Biotic,Drupe,,Xiang et al. (2016)
Pygeum_topengii,Biotic,Drupe,,Xiang et al. (2016)
Prunus_henryi,Biotic,Drupe,,Xiang et al. (2016)
Prunus_ceylanica,Biotic,Drupe,,Xiang et al. (2016)
Prunus_stipulacea,Biotic,Drupe,,Xiang et al. (2016)
Prunus_schlechteri,Biotic,Drupe,,Xiang et al. (2016)
Prunus_oligantha,Biotic,Drupe,,Xiang et al. (2016)
Prunus_costata,Biotic,Drupe,,Xiang et al. (2016)
Prunus_dolichobotrys,Biotic,Drupe,,Xiang et al. (2016)
Prunus_pullei,Biotic,Drupe,,Xiang et al. (2016)
Prunus_gazelle-peninsulae,Biotic,Drupe,,Xiang et al. (2016)
Prunus_annularis,Biotic,Drupe,,Xiang et al. (2016)
Prunus_brachybotrya,Biotic,Drupe,,Xiang et al. (2016)
Prunus_myrtifolia,Biotic,Drupe,,Xiang et al. (2016)
Prunus_ovalis,Biotic,Drupe,,Xiang et al. (2016)
Prunus_brittoniana,Biotic,Drupe,,Xiang et al. (2016)
Prunus_amplifolia,Biotic,Drupe,,Xiang et al. (2016)
Prunus_integrifolia,Biotic,Drupe,,Xiang et al. (2016)
Prunus_tucumanensis,Biotic,Drupe,,Xiang et al. (2016)
Prunus_caroliniana,Biotic,Drupe,,Xiang et al. (2016)
Prunus_reflexa,Biotic,Drupe,,Xiang et al. (2016)
Prunus_oleifolia,Biotic,Drupe,,Xiang et al. (2016)
Prunus_wilsonii,Biotic,Drupe,,Xiang et al. (2016)
Prunus_napaulensis,Biotic,Drupe,,Xiang et al. (2016)
Prunus_mahaleb,Biotic,Drupe,,Xiang et al. (2016)
Prunus_maackii,Biotic,Drupe,,Xiang et al. (2016)
Prunus_avium,Biotic,Drupe,,Xiang et al. (2016)
Prunus_pseudocerasus,Biotic,Drupe,,Xiang et al. (2016)
Prunus_choreiana,Biotic,Drupe,,Xiang et al. (2016)
Prunus_hallasenensis,Biotic,Drupe,,Xiang et al. (2016)
Prunus_spinulosa,Biotic,Drupe,,Xiang et al. (2016)
Prunus_nipponica,Biotic,Drupe,,Xiang et al. (2016)
Prunus_emarginata,Biotic,Drupe,,Xiang et al. (2016)
Prunus_subhirtella,Biotic,Drupe,,Xiang et al. (2016)
Prunus_leveilleana,Biotic,Drupe,,Xiang et al. (2016)
Prunus_maximowiczii,Biotic,Drupe,,Xiang et al. (2016)
Prunus_cyclamina,Biotic,Drupe,,Xiang et al. (2016)
Prunus_longistyla,Biotic,Drupe,,Xiang et al. (2016)
Prunus_serrulata,Biotic,Drupe,,Xiang et al. (2016)
Prunus_incisa,Biotic,Drupe,,Xiang et al. (2016)
Prunus_apetala,Biotic,Drupe,,Xiang et al. (2016)
Prunus_sp,remove,remove,,Xiang et al. (2016)
Prunus_dielsiana,Biotic,Drupe,,Xiang et al. (2016)
Prunus_schneideriana,Biotic,Drupe,,Xiang et al. (2016)
Prunus_discoidea,Biotic,Drupe,,Xiang et al. (2016)
Prunus_cerasoides,Biotic,Drupe,,Xiang et al. (2016)
Prunus_pensylvanica,Biotic,Drupe,,Xiang et al. (2016)
Prunus_arborea,Biotic,Drupe,,Xiang et al. (2016)
Prunus_pleiocerasus,Biotic,Drupe,,Xiang et al. (2016)
Prunus_takesimensis,Biotic,Drupe,,Xiang et al. (2016)
Cerasus_jamasakura,Biotic,Drupe,note: Prunus subg. Cerasus,Tropicos
Prunus_sargentii,Biotic,Drupe,,Xiang et al. (2016)
Cerasus_sp,remove,remove,,
Prunus_serrula,Biotic,Drupe,,Xiang et al. (2016)
Prunus_clarofolia,Biotic,Drupe,,Xiang et al. (2016)
Armeniaca_zhengheensis,Biotic,Drupe,note: Prunus zhengheensis,"Tong and Xia, 2016"
Prunus_mume,Biotic,Drupe,,Xiang et al. (2016)
Prunus_persica,Biotic,Drupe,,Xiang et al. (2016)
Prunus_ussuriensis,Biotic,Drupe,,Xiang et al. (2016)
Prunus_salicina,Biotic,Drupe,,Xiang et al. (2016)
Prunus_japonica,Biotic,Drupe,,Xiang et al. (2016)
Prunus_glandulosa,Biotic,Drupe,,Xiang et al. (2016)
Prunus_tomentosa,Biotic,Drupe,,Xiang et al. (2016)
Prunus_geniculata,Biotic,Drupe,,Xiang et al. (2016)
Prunus_maritima,Biotic,Drupe,,Xiang et al. (2016)
Prunus_munsoniana,Biotic,Drupe,,Xiang et al. (2016)
Prunus_angustifolia,Biotic,Drupe,,Xiang et al. (2016)
Prunus_alleghaniensis,Biotic,Drupe,,Xiang et al. (2016)
Prunus_umbellata,Biotic,Drupe,,Xiang et al. (2016)
Prunus_gracilis,Biotic,Drupe,,Xiang et al. (2016)
Prunus_rivularis,Biotic,Drupe,,Xiang et al. (2016)
Prunus_nigra,Biotic,Drupe,,Xiang et al. (2016)
Prunus_hortulana,Biotic,Drupe,,Xiang et al. (2016)
Prunus_mexicana,Biotic,Drupe,,Xiang et al. (2016)
Prunus_americana,Biotic,Drupe,,Xiang et al. (2016)
Prunus_texana,Biotic,Drupe,,Xiang et al. (2016)
Prunus_cerasus,Biotic,Drupe,,Xiang et al. (2016)
Prunus_domestica,Biotic,Drupe,,Xiang et al. (2016)
Prunus_orthosepala,Biotic,Drupe,,Xiang et al. (2016)
Prunus_bokhariensis,Biotic,Drupe,,Xiang et al. (2016)
Prunus_cerasifera,Biotic,Drupe,,Xiang et al. (2016)
Prunus_brigantina,Biotic,Drupe,,Xiang et al. (2016)
Prunus_consociiflora,Biotic,Drupe,,Xiang et al. (2016)
Prunus_simonii,Biotic,Drupe,,Xiang et al. (2016)
Prunus_ferganica,Biotic,Drupe,,Xiang et al. (2016)
Prunus_subcordata,Biotic,Drupe,,Xiang et al. (2016)
Prunus_triloba,Biotic,Drupe,,Xiang et al. (2016)
Prunus_armeniaca,Biotic,Drupe,,Xiang et al. (2016)
Prunus_mandshurica,Biotic,Drupe,,Xiang et al. (2016)
Prunus_pumila,Biotic,Drupe,,Xiang et al. (2016)
Prunus_sibirica,Biotic,Drupe,,Xiang et al. (2016)
Prunus_fasciculata,Biotic,Drupe,,Xiang et al. (2016)
Prunus_pedunculata,Biotic,Drupe,,Xiang et al. (2016)
Prunus_bifrons,Biotic,Drupe,,Xiang et al. (2016)
Prunus_prostrata,Biotic,Drupe,,Xiang et al. (2016)
Prunus_spinosa,Biotic,Drupe,,Xiang et al. (2016)
Prunus_speciosa,Biotic,Drupe,,Xiang et al. (2016)
Amygdalus_orazii,Biotic,Drupe,note: Prunus subg. Amygdalus,Tropicos
Prunus_cocomilia,Biotic,Drupe,,Xiang et al. (2016)
Prunus_korshinskyi,Biotic,Drupe,,Xiang et al. (2016)
Amygdalus_pabotii,Biotic,Drupe,note: Prunus subg. Amygdalus,Tropicos
Prunus_kotschyi,Biotic,Drupe,,Xiang et al. (2016)
Prunus_kuramica,Biotic,Drupe,,Xiang et al. (2016)
Amygdalus_nairica,Biotic,Drupe,note: Prunus subg. Amygdalus,Tropicos
Prunus_lycioides,Biotic,Drupe,,Xiang et al. (2016)
Prunus_haussknechtii,Biotic,Drupe,,Xiang et al. (2016)
Prunus_trichamygdalus,Biotic,Drupe,,Xiang et al. (2016)
Prunus_carduchorum,Biotic,Drupe,,Xiang et al. (2016)
Prunus_bucharica,Biotic,Drupe,,Xiang et al. (2016)
Amygdalus_reticulata,Biotic,Drupe,note: Prunus subg. Amygdalus,Tropicos
Amygdalus_wendelboi,Biotic,Drupe,note: Prunus subg. Amygdalus,Tropicos
Prunus_argentea,Biotic,Drupe,,Xiang et al. (2016)
Prunus_leiocarpa,Biotic,Drupe,,Xiang et al. (2016)
Prunus_scoparia,Biotic,Drupe,,Xiang et al. (2016)
Prunus_arabica,Biotic,Drupe,,Xiang et al. (2016)
Prunus_turcomanica,Biotic,Drupe,,Xiang et al. (2016)
Prunus_glauca,Biotic,Drupe,,Xiang et al. (2016)
Prunus_webbii,Biotic,Drupe,,Xiang et al. (2016)
Prunus_elaeagnifolia,Biotic,Drupe,,Xiang et al. (2016)
Prunus_dulcis,Biotic,Drupe,,Xiang et al. (2016)
Prunus_spinosissima,Biotic,Drupe,,Xiang et al. (2016)
Prunus_eburnea,Biotic,Drupe,,Xiang et al. (2016)
Prunus_fenzliana,Biotic,Drupe,,Xiang et al. (2016)
Amygdalus_kurdistanica,Biotic,Drupe,note: Prunus subg. Amygdalus,Tropicos
Prunus_orientalis,Biotic,Drupe,,Xiang et al. (2016)
Prunus_tenella,Biotic,Drupe,,Xiang et al. (2016)
Prunus_petunnikowii,Biotic,Drupe,,Xiang et al. (2016)
Prunus_kansuensis,Biotic,Drupe,,Xiang et al. (2016)
Prunus_tangutica,Biotic,Drupe,,Xiang et al. (2016)
Prunus_mira,Biotic,Drupe,,Xiang et al. (2016)
Prunus_ferganensis,Biotic,Drupe,,Xiang et al. (2016)
Prunus_davidiana,Biotic,Drupe,,Xiang et al. (2016)
Adenostoma_fasciculatum,Abiotic,Achene,,Xiang et al. (2016)
Adenostoma_sparsifolium,Abiotic,Achene,,Xiang et al. (2016)
Sorbaria_kirilowii,Abiotic,Follicetum,"apparently a dry, capsule-like follicetum",Xiang et al. (2016)
Sorbaria_arborea,Abiotic,Follicetum,"apparently a dry, capsule-like follicetum",Xiang et al. (2016)
Chamaebatiaria_millefolium,Abiotic,Follicetum,"apparently a dry, capsule-like follicetum",Xiang et al. (2016); dendro.cnre.vt.edu
Sorbaria_sorbifolia,Abiotic,Follicetum,"apparently a dry, capsule-like follicetum",Xiang et al. (2016)
Xerospiraea_hartwegiana,Abiotic,"""follicular fruits""",,Henrickson (1985)
Holodiscus_discolor,Abiotic,Achenetum,,Xiang et al. (2016); plantdatabase.kpu.ca
Aruncus_dioicus,Abiotic,Follicetum,,Xiang et al. (2016)
Aruncus_aethusifolius,Abiotic,Follicetum,,Xiang et al. (2016)
Luetkea_pectinata,Abiotic,Follicetum,,Xiang et al. (2016)
Physocarpus_insularis,Abiotic,"""follicular fruits""",,Henrickson (1985)
Spiraea_trilobata,Abiotic,Follicetum,,Xiang et al. (2016)
Spiraea_cantoniensis,Abiotic,Follicetum,,Xiang et al. (2016)
Spiraea_pubescens,Abiotic,Follicetum,,Xiang et al. (2016)
Spiraea_nervosa,Abiotic,Follicetum,,Xiang et al. (2016)
Spiraea_blumei,Abiotic,Follicetum,,Xiang et al. (2016)
Spiraea_hypericifolia,Abiotic,Follicetum,,Xiang et al. (2016)
Spiraea_nipponica,Abiotic,Follicetum,,Xiang et al. (2016)
Spiraea_dahurica,Abiotic,Follicetum,,Xiang et al. (2016)
Spiraea_schneideriana,Abiotic,Follicetum,,Xiang et al. (2016)
Spiraea_canescens,Abiotic,Follicetum,,Xiang et al. (2016)
Spiraea_longigemmis,Abiotic,Follicetum,,Xiang et al. (2016)
Spiraea_crenata,Abiotic,Follicetum,,Xiang et al. (2016)
Spiraea_mollifolia,Abiotic,Follicetum,,Xiang et al. (2016)
Spiraea_sublobata,Abiotic,Follicetum,,Xiang et al. (2016)
Spiraea_lasiocarpa,Abiotic,Follicetum,,Xiang et al. (2016)
Spiraea_sp,remove,remove,,Xiang et al. (2016)
Padus_sp,remove,remove,Tropicos,note: Padus is included in Prunus; this is probably a misidentification - to exclude
Spiraea_mongolica,Abiotic,Follicetum,,Xiang et al. (2016)
Spiraea_veitchii,Abiotic,Follicetum,,Xiang et al. (2016)
Spiraea_betulifolia,Abiotic,Follicetum,,Xiang et al. (2016)
Spiraea_trichocarpa,Abiotic,Follicetum,,Xiang et al. (2016)
Spiraea_media,Abiotic,Follicetum,,Xiang et al. (2016)
Spiraea_thunbergii,Abiotic,Follicetum,,Xiang et al. (2016)
Spiraea_prunifolia,Abiotic,Follicetum,,Xiang et al. (2016)
Spiraea_alpina,Abiotic,Follicetum,,Xiang et al. (2016)
Spiraea_chinensis,Abiotic,Follicetum,,Xiang et al. (2016)
Spiraea_chamaedryfolia,Abiotic,Follicetum,,Xiang et al. (2016)
Spiraea_virginiana,Abiotic,Follicetum,,Xiang et al. (2016)
Spiraea_alba,Abiotic,Follicetum,,Xiang et al. (2016)
Spiraea_salicifolia,Abiotic,Follicetum,,Xiang et al. (2016)
Spiraea_miyabei,Abiotic,Follicetum,,Xiang et al. (2016)
Spiraea_japonica,Abiotic,Follicetum,,Xiang et al. (2016)
Spiraea_formosana,Abiotic,Follicetum,,Xiang et al. (2016)
Spiraea_douglasii,Abiotic,Follicetum,,Xiang et al. (2016)
Spiraea_densiflora,Abiotic,Follicetum,,Xiang et al. (2016)
Spiraea_rosthornii,Abiotic,Follicetum,,Xiang et al. (2016)
Spiraea_laeta,Abiotic,Follicetum,,Xiang et al. (2016)
Spiraea_purpurea,Abiotic,Follicetum,,Xiang et al. (2016)
Spiraea_decumbens,Abiotic,Follicetum,,Xiang et al. (2016)
Kelseya_uniflora,Abiotic,Follicetum,note: segregated from Spiraea,Tropicos
Petrophytum_caespitosum,Abiotic,Follicetum,,Xiang et al. (2016); dendro.cnre.vt.edu
Petrophytum_hendersonii,Abiotic,Follicetum,,Xiang et al. (2016)
Sibiraea_laevigata,Abiotic,Follicetum,,Xiang et al. (2016)
Pentactina_rupicola,Abiotic,Capsule,note: data from species' protologue,Tropicos
Neillia_gracilis,Abiotic,Follicetum,,Xiang et al. (2016)
Neillia_sparsiflora,Abiotic,Follicetum,,Xiang et al. (2016)
Neillia_thyrsiflora,Abiotic,Follicetum,,Xiang et al. (2016)
Neillia_serratisepala,Abiotic,Follicetum,,Xiang et al. (2016)
Neillia_sinensis,Abiotic,Follicetum,,Xiang et al. (2016)
Neillia_uekii,Abiotic,Follicetum,,Xiang et al. (2016)
Neillia_tanakae,Abiotic,Follicetum,,Xiang et al. (2016)
Neillia_affinis,Abiotic,Follicetum,,Xiang et al. (2016)
Neillia_thibetica,Abiotic,Follicetum,,Xiang et al. (2016)
Stephanandra_tanakae,Abiotic,Follicetum,,Xiang et al. (2016)
Neillia_hanceana,Abiotic,Follicetum,,Xiang et al. (2016)
Neillia_incisa,Abiotic,Follicetum,,Xiang et al. (2016)
Physocarpus_alternans,Abiotic,Follicetum,,Xiang et al. (2016)
Physocarpus_amurensis,Abiotic,Follicetum,,Xiang et al. (2016)
Physocarpus_opulifolius,Abiotic,Follicetum,,Xiang et al. (2016)
Physocarpus_monogynus,Abiotic,Follicetum,,Xiang et al. (2016)
Physocarpus_capitatus,Abiotic,Follicetum,,Xiang et al. (2016)
Physocarpus_malvaceus,Abiotic,Follicetum,,Xiang et al. (2016)
Rhodotypos_scandens,Biotic,Nuculanium,,Xiang et al. (2016)
Coleogyne_ramosissima,Biotic,Nuculanium,note: presumably dispersed by rodents,Jones (2012)
Neviusia_alabamensis,doubtful,Achenetum,note: difficult to say,
Kerria_japonica,doubtful,Nuculanium,note: difficult to say,
Exochorda_giraldii,Abiotic,Coccetum,,Xiang et al. (2016)
Exochorda_serratifolia,Abiotic,Coccetum,,Xiang et al. (2016)
Oemleria_cerasiformis,Biotic,Drupetum,,Xiang et al. (2016)
Prinsepia_sinensis,Biotic,Drupe,,Xiang et al. (2016)
Prinsepia_uniflora,Biotic,Drupe,,Xiang et al. (2016)
Exochorda_racemosa,Abiotic,Coccetum,,Xiang et al. (2016)
Lyonothamnus_floribundus,Abiotic,Follicetum,,Xiang et al. (2016)
Filipendula_multijuga,Abiotic,Achene,,Baker and Baker (1967)
Filipendula_purpurea,Abiotic,Achene,,Baker and Baker (1967)
Filipendula_ulmaria,Abiotic,Achene,,Baker and Baker (1967)
Filipendula_vulgaris,Abiotic,Achene,,Baker and Baker (1967)
Agrimonia_eupatoria,Abiotic,Achene,,Xiang et al. (2016)
Agrimonia_procera,Abiotic,Achene,,Xiang et al. (2016)
Agrimonia_nipponica,Abiotic,Achene,,Xiang et al. (2016)
Agrimonia_gryposepala,Abiotic,Achene,,Xiang et al. (2016)
Agrimonia_parviflora,Abiotic,Achene,,Xiang et al. (2016)
Agrimonia_pilosa,Abiotic,Achene,,Xiang et al. (2016)
Leucosidea_sericea,Abiotic,Achene,,Xiang et al. (2016)
Sanguisorba_sitchensis,Abiotic,Achene,,Xiang et al. (2016)
Sanguisorba_japonensis,Abiotic,Achene,,Xiang et al. (2016)
Sanguisorba_hakusanensis,Abiotic,Achene,,Xiang et al. (2016)
Sanguisorba_albiflora,Abiotic,Achene,,Xiang et al. (2016)
Sanguisorba_stipulata,Abiotic,Achene,,Xiang et al. (2016)
Sanguisorba_obtusa,Abiotic,Achene,,Xiang et al. (2016)
Sanguisorba_canadensis,Abiotic,Achene,,Xiang et al. (2016)
Sanguisorba_officinalis,Abiotic,Achene,,Xiang et al. (2016)
Sanguisorba_tenuifolia,Abiotic,Achene,,Xiang et al. (2016)
Sanguisorba_filiformis,Abiotic,Achene,,Xiang et al. (2016)
Tetraglochin_cristatum,Abiotic,Achene,,Acosta et al. (2016)
Acaena_cylindristachya,Abiotic,Achene,,Xiang et al. (2016)
Acaena_magellanica,Abiotic,Achene,,Xiang et al. (2016)
Polylepis_tomentella,Abiotic,Achene,,Xiang et al. (2016)
Polylepis_hieronymi,Abiotic,Achene,,Xiang et al. (2016)
Polylepis_sericea,Abiotic,Achene,,Xiang et al. (2016)
Cliffortia_sp,remove,remove,remove,remove
Acaena_sp,remove,remove,remove,remove
Cliffortia_ferruginea,Abiotic,Achene,,Whitehouse (2002); Xiang et al. (2016)
Cliffortia_ramosissima,Abiotic,Achene,,Whitehouse (2002); Xiang et al. (2016)
Cliffortia_arcuata,Abiotic,Achene,,Whitehouse (2002); Xiang et al. (2016)
Cliffortia_castanea,Abiotic,Achene,,Whitehouse (2002); Xiang et al. (2016)
Cliffortia_montana,Abiotic,Achene,,Whitehouse (2002); Xiang et al. (2016)
Cliffortia_esterhuyseniae,Abiotic,Achene,,Whitehouse (2002); Xiang et al. (2016)
Cliffortia_weimarckii,Abiotic,Achene,,Whitehouse (2002); Xiang et al. (2016)
Cliffortia_dispar,Abiotic,Achene,,Whitehouse (2002); Xiang et al. (2016)
Cliffortia_eriocephalina,Abiotic,Achene,,Whitehouse (2002); Xiang et al. (2016)
Cliffortia_stricta,Abiotic,Achene,,Whitehouse (2002); Xiang et al. (2016)
Cliffortia_graminea,Abiotic,Achene,,Whitehouse (2002); Xiang et al. (2016)
Cliffortia_setifolia,Abiotic,Achene,,Whitehouse (2002); Xiang et al. (2016)
Cliffortia_rigida,Abiotic,Achene,,Whitehouse (2002); Xiang et al. (2016)
Cliffortia_brevifolia,Abiotic,Achene,,Whitehouse (2002); Xiang et al. (2016)
Cliffortia_cervicornu,Abiotic,Achene,,Whitehouse (2002); Xiang et al. (2016)
Cliffortia_complanata,Abiotic,Achene,,Whitehouse (2002); Xiang et al. (2016)
Cliffortia_propinqua,Abiotic,Achene,,Whitehouse (2002); Xiang et al. (2016)
Cliffortia_filicaulis,Abiotic,Achene,,Whitehouse (2002); Xiang et al. (2016)
Acaena_latebrosa,doubtful,"A dry fruit, but there's suggestion of ectozoochory",doubtful,"Lee et al., 2001"
Cliffortia_hantamensis,Abiotic,Achene,,Whitehouse (2002); Xiang et al. (2016)
Cliffortia_dracomontana,Abiotic,Achene,,Whitehouse (2002); Xiang et al. (2016)
Cliffortia_spathulata,Abiotic,Achene,,Whitehouse (2002); Xiang et al. (2016)
Cliffortia_crassinervis,Abiotic,Achene,,Whitehouse (2002); Xiang et al. (2016)
Cliffortia_micrantha,Abiotic,Achene,,Whitehouse (2002); Xiang et al. (2016)
Cliffortia_gracillima,Abiotic,Achene,,Whitehouse (2002); Xiang et al. (2016)
Cliffortia_dentata,Abiotic,Achene,,Whitehouse (2002); Xiang et al. (2016)
Cliffortia_browniana,Abiotic,Achene,,Whitehouse (2002); Xiang et al. (2016)
Cliffortia_monophylla,Abiotic,Achene,,Whitehouse (2002); Xiang et al. (2016)
Cliffortia_filicauloides,Abiotic,Achene,,Whitehouse (2002); Xiang et al. (2016)
Cliffortia_serpyllifolia,Abiotic,Achene,,Whitehouse (2002); Xiang et al. (2016)
Cliffortia_subsetacea,Abiotic,Achene,,Whitehouse (2002); Xiang et al. (2016)
Cliffortia_paucistaminea,Abiotic,Achene,,Whitehouse (2002); Xiang et al. (2016)
Cliffortia_curvifolia,Abiotic,Achene,,Whitehouse (2002); Xiang et al. (2016)
Cliffortia_linearifolia,Abiotic,Achene,,Whitehouse (2002); Xiang et al. (2016)
Cliffortia_anthospermoides,Abiotic,Achene,,Whitehouse (2002); Xiang et al. (2016)
Cliffortia_cristata,Abiotic,Achene,,Whitehouse (2002); Xiang et al. (2016)
Cliffortia_hexandra,Abiotic,Achene,,Whitehouse (2002); Xiang et al. (2016)
Cliffortia_polygonifolia,Abiotic,Achene,,Whitehouse (2002); Xiang et al. (2016)
Cliffortia_sericea,Abiotic,Achene,,Whitehouse (2002); Xiang et al. (2016)
Cliffortia_tenuis,Abiotic,Achene,,Whitehouse (2002); Xiang et al. (2016)
Cliffortia_marginata,Abiotic,Achene,,Whitehouse (2002); Xiang et al. (2016)
Cliffortia_phyllanthoides,Abiotic,Achene,,Whitehouse (2002); Xiang et al. (2016)
Cliffortia_obcordata,Abiotic,Achene,,Whitehouse (2002); Xiang et al. (2016)
Cliffortia_carinata,Abiotic,Achene,,Whitehouse (2002); Xiang et al. (2016)
Cliffortia_crenata,Abiotic,Achene,,Whitehouse (2002); Xiang et al. (2016)
Polylepis_tarapacana,Abiotic,Achene,,Whitehouse (2002); Xiang et al. (2016)
Cliffortia_incana,Abiotic,Achene,,Whitehouse (2002); Xiang et al. (2016)
Cliffortia_hirta,Abiotic,Achene,,Whitehouse (2002); Xiang et al. (2016)
Cliffortia_amplexistipula,Abiotic,Achene,,Whitehouse (2002); Xiang et al. (2016)
Cliffortia_glauca,Abiotic,Achene,,Whitehouse (2002); Xiang et al. (2016)
Cliffortia_pulchella,Abiotic,Achene,,Whitehouse (2002); Xiang et al. (2016)
Cliffortia_polita,Abiotic,Achene,,Whitehouse (2002); Xiang et al. (2016)
Cliffortia_obovata,Abiotic,Achene,,Whitehouse (2002); Xiang et al. (2016)
Cliffortia_varians,Abiotic,Achene,,Whitehouse (2002); Xiang et al. (2016)
Cliffortia_teretifolia,Abiotic,Achene,,Whitehouse (2002); Xiang et al. (2016)
Cliffortia_burgersii,Abiotic,Achene,,Whitehouse (2002); Xiang et al. (2016)
Cliffortia_alata,Abiotic,Achene,,Whitehouse (2002); Xiang et al. (2016)
Cliffortia_nivenioides,Abiotic,Achene,,Whitehouse (2002); Xiang et al. (2016)
Cliffortia_aculeata,Abiotic,Achene,,Whitehouse (2002); Xiang et al. (2016)
Cliffortia_longifolia,Abiotic,Achene,,Whitehouse (2002); Xiang et al. (2016)
Cliffortia_strobilifera,Abiotic,Achene,,Whitehouse (2002); Xiang et al. (2016)
Cliffortia_filifolia,Abiotic,Achene,,Whitehouse (2002); Xiang et al. (2016)
Cliffortia_erectisepala,Abiotic,Achene,,Whitehouse (2002); Xiang et al. (2016)
Cliffortia_burchellii,Abiotic,Achene,,Whitehouse (2002); Xiang et al. (2016)
Cliffortia_repens,Abiotic,Achene,,Whitehouse (2002); Xiang et al. (2016)
Cliffortia_tricuspidata,Abiotic,Achene,,Whitehouse (2002); Xiang et al. (2016)
Cliffortia_ericifolia,Abiotic,Achene,,Whitehouse (2002); Xiang et al. (2016)
Cliffortia_pterocarpa,Abiotic,Achene,,Whitehouse (2002); Xiang et al. (2016)
Cliffortia_multiformis,Abiotic,Achene,,Whitehouse (2002); Xiang et al. (2016)
Cliffortia_dodecandra,Abiotic,Achene,,Whitehouse (2002); Xiang et al. (2016)
Cliffortia_arborea,Abiotic,Achene,,Whitehouse (2002); Xiang et al. (2016)
Cliffortia_conifera,Abiotic,Achene,,Whitehouse (2002); Xiang et al. (2016)
Cliffortia_dichotoma,Abiotic,Achene,,Whitehouse (2002); Xiang et al. (2016)
Cliffortia_tuberculata,Abiotic,Achene,,Whitehouse (2002); Xiang et al. (2016)
Cliffortia_cruciata,Abiotic,Achene,,Whitehouse (2002); Xiang et al. (2016)
Cliffortia_atrata,Abiotic,Achene,,Whitehouse (2002); Xiang et al. (2016)
Cliffortia_densa,Abiotic,Achene,,Whitehouse (2002); Xiang et al. (2016)
Cliffortia_nitidula,Abiotic,Achene,,Whitehouse (2002); Xiang et al. (2016)
Cliffortia_cuneata,Abiotic,Achene,,Whitehouse (2002); Xiang et al. (2016)
Cliffortia_ruscifolia,Abiotic,Achene,,Whitehouse (2002); Xiang et al. (2016)
Cliffortia_ferricola,Abiotic,Achene,,Whitehouse (2002); Xiang et al. (2016)
Cliffortia_cymbifolia,Abiotic,Achene,,Whitehouse (2002); Xiang et al. (2016)
Cliffortia_hirsuta,Abiotic,Achene,,Whitehouse (2002); Xiang et al. (2016)
Cliffortia_recurvata,Abiotic,Achene,,Whitehouse (2002); Xiang et al. (2016)
Cliffortia_intermedia,Abiotic,Achene,,Whitehouse (2002); Xiang et al. (2016)
Cliffortia_oligodonta,Abiotic,Achene,,Whitehouse (2002); Xiang et al. (2016)
Cliffortia_strigosa,Abiotic,Achene,,Whitehouse (2002); Xiang et al. (2016)
Cliffortia_virgata,Abiotic,Achene,,Whitehouse (2002); Xiang et al. (2016)
Cliffortia_ovalis,Abiotic,Achene,,Whitehouse (2002); Xiang et al. (2016)
Cliffortia_denticulata,Abiotic,Achene,,Whitehouse (2002); Xiang et al. (2016)
Cliffortia_prionota,Abiotic,Achene,,Whitehouse (2002); Xiang et al. (2016)
Cliffortia_heterophylla,Abiotic,Achene,,Whitehouse (2002); Xiang et al. (2016)
Cliffortia_robusta,Abiotic,Achene,,Whitehouse (2002); Xiang et al. (2016)
Cliffortia_lanceolata,Abiotic,Achene,,Whitehouse (2002); Xiang et al. (2016)
Cliffortia_integerrima,Abiotic,Achene,,Whitehouse (2002); Xiang et al. (2016)
Cliffortia_theodorifriesii,Abiotic,Achene,,Whitehouse (2002); Xiang et al. (2016)
Cliffortia_dregeana,Abiotic,Achene,,Whitehouse (2002); Xiang et al. (2016)
Cliffortia_ceresana,Abiotic,Achene,,Whitehouse (2002); Xiang et al. (2016)
Cliffortia_acanthophylla,Abiotic,Achene,,Whitehouse (2002); Xiang et al. (2016)
Cliffortia_phillipsii,Abiotic,Achene,,Whitehouse (2002); Xiang et al. (2016)
Cliffortia_pungens,Abiotic,Achene,,Whitehouse (2002); Xiang et al. (2016)
Cliffortia_schlechteri,Abiotic,Achene,,Whitehouse (2002); Xiang et al. (2016)
Cliffortia_ilicifolia,Abiotic,Achene,,Whitehouse (2002); Xiang et al. (2016)
Cliffortia_grandifolia,Abiotic,Achene,,Whitehouse (2002); Xiang et al. (2016)
Cliffortia_reniformis,Abiotic,Achene,,Whitehouse (2002); Xiang et al. (2016)
Cliffortia_scandens,Abiotic,Achene,,Whitehouse (2002); Xiang et al. (2016)
Cliffortia_baccans,Abiotic,Achene,,Whitehouse (2002); Xiang et al. (2016)
Cliffortia_neglecta,Abiotic,Achene,,Whitehouse (2002); Xiang et al. (2016)
Cliffortia_acutifolia,Abiotic,Achene,,Whitehouse (2002); Xiang et al. (2016)
Cliffortia_odorata,Abiotic,Achene,,Whitehouse (2002); Xiang et al. (2016)
Cliffortia_viridis,Abiotic,Achene,,Whitehouse (2002); Xiang et al. (2016)
Cliffortia_pilifera,Abiotic,Achene,,Whitehouse (2002); Xiang et al. (2016)
Cliffortia_reticulata,Abiotic,Achene,,Whitehouse (2002); Xiang et al. (2016)
Cliffortia_juniperina,Abiotic,Achene,,Whitehouse (2002); Xiang et al. (2016)
Cliffortia_uncinata,Abiotic,Achene,,Whitehouse (2002); Xiang et al. (2016)
Cliffortia_falcata,Abiotic,Achene,,Whitehouse (2002); Xiang et al. (2016)
Cliffortia_apiculata,Abiotic,Achene,,Whitehouse (2002); Xiang et al. (2016)
Cliffortia_triloba,Abiotic,Achene,,Whitehouse (2002); Xiang et al. (2016)
Cliffortia_pedunculata,Abiotic,Achene,,Whitehouse (2002); Xiang et al. (2016)
Cliffortia_lepida,Abiotic,Achene,,Whitehouse (2002); Xiang et al. (2016)
Cliffortia_exilifolia,Abiotic,Achene,,Whitehouse (2002); Xiang et al. (2016)
Cliffortia_drepanoides,Abiotic,Achene,,Whitehouse (2002); Xiang et al. (2016)
Acaena_caesiglauca,doubtful,"A dry fruit, but there's suggestion of ectozoochory",doubtful,Lee et al. (2001)
Bencomia_sphaerocarpa,Biotic,Achene,"""spongy and globular or ovoid""",Helfgott et al. (2000); Paz (2004)
Dendriopoterium_menendezii,Abiotic,Achene,"""dry and angled""",Helfgott et al. (2000); Paz (2004)
Bencomia_caudata,Biotic,Achene,"""spongy and globular or ovoid""",Helfgott et al. (2000); Paz (2004)
Dendriopoterium_pulidoi,Abiotic,Achene,"""dry and angled""",Helfgott et al. (2000); Paz (2004)
Bencomia_exstipulata,Biotic,Achene,"""spongy and globular or ovoid""",Helfgott et al. (2000); Paz (2004)
Bencomia_brachystachya,Biotic,Achene,"""spongy and globular or ovoid""",Helfgott et al. (2000); Paz (2004)
Marcetella_maderensis,Abiotic,Achene,"""dry and two winged""",Helfgott et al. (2000); Paz (2004)
Marcetella_moquiniana,Abiotic,Achene,"""dry and two winged""",Helfgott et al. (2000); Paz (2004)
Sanguisorba_minor,Abiotic,Achene,,Purohit and Panigrahi (1984)
Sanguisorba_ancistroides,Abiotic,Achene,,Purohit and Panigrahi (1984)
Sarcopoterium_spinosum,Abiotic,Achene,"note: ""dispersal is often hydrochorous""",Kalkman (2004)
Sanguisorba_annua,Abiotic,Achene,,Purohit and Panigrahi (1984)
Hagenia_abyssinica,Abiotic,?,"""Fruit small, dry, winged""",Kalkman (2004); AgroForestryTree Database
Rosa_persica,Biotic,Achenetum,"""hypanthium fleshy when fruiting""",Kalkman (2004); Xiang et al. (2016)
Rosa_zhongdianensis,Biotic,Achenetum,"""hypanthium fleshy when fruiting""",Kalkman (2004); Xiang et al. (2016)
Rosa_sikangensis,Biotic,Achenetum,"""hypanthium fleshy when fruiting""",Kalkman (2004); Xiang et al. (2016)
Rosa_mairei,Biotic,Achenetum,"""hypanthium fleshy when fruiting""",Kalkman (2004); Xiang et al. (2016)
Rosa_omeiensis,Biotic,Achenetum,"""hypanthium fleshy when fruiting""",Kalkman (2004); Xiang et al. (2016)
Rosa_sericea,Biotic,Achenetum,"""hypanthium fleshy when fruiting""",Kalkman (2004); Xiang et al. (2016)
Rosa_ecae,Biotic,Achenetum,"""hypanthium fleshy when fruiting""",Kalkman (2004); Xiang et al. (2016)
Rosa_primula,Biotic,Achenetum,"""hypanthium fleshy when fruiting""",Kalkman (2004); Xiang et al. (2016)
Rosa_laxa,Biotic,Achenetum,"""hypanthium fleshy when fruiting""",Kalkman (2004); Xiang et al. (2016)
Rosa_xanthina,Biotic,Achenetum,"""hypanthium fleshy when fruiting""",Kalkman (2004); Xiang et al. (2016)
Rosa_clinophylla,Biotic,Achenetum,"""hypanthium fleshy when fruiting""",Kalkman (2004); Xiang et al. (2016)
Rosa_bracteata,Biotic,Achenetum,"""hypanthium fleshy when fruiting""",Kalkman (2004); Xiang et al. (2016)
Rosa_banksiae,Biotic,Achenetum,"""hypanthium fleshy when fruiting""",Kalkman (2004); Xiang et al. (2016)
Rosa_cymosa,Biotic,Achenetum,"""hypanthium fleshy when fruiting""",Kalkman (2004); Xiang et al. (2016)
Rosa_foetida,Biotic,Achenetum,"""hypanthium fleshy when fruiting""",Kalkman (2004); Xiang et al. (2016)
Rosa_roxburghii,Biotic,Achenetum,"""hypanthium fleshy when fruiting""",Kalkman (2004); Xiang et al. (2016)
Rosa_hirtula,Biotic,Achenetum,"""hypanthium fleshy when fruiting""",Kalkman (2004); Xiang et al. (2016)
Rosa_laevigata,Biotic,Achenetum,"""hypanthium fleshy when fruiting""",Kalkman (2004); Xiang et al. (2016)
Rosa_chinensis,Biotic,Achenetum,"""hypanthium fleshy when fruiting""",Kalkman (2004); Xiang et al. (2016)
Rosa_brunonii,Biotic,Achenetum,"""hypanthium fleshy when fruiting""",Kalkman (2004); Xiang et al. (2016)
Rosa_moschata,Biotic,Achenetum,"""hypanthium fleshy when fruiting""",Kalkman (2004); Xiang et al. (2016)
Rosa_setigera,Biotic,Achenetum,"""hypanthium fleshy when fruiting""",Kalkman (2004); Xiang et al. (2016)
Rosa_arvensis,Biotic,Achenetum,"""hypanthium fleshy when fruiting""",Kalkman (2004); Xiang et al. (2016)
Rosa_corymbifera,Biotic,Achenetum,"""hypanthium fleshy when fruiting""",Kalkman (2004); Xiang et al. (2016)
Rosa_gallica,Biotic,Achenetum,"""hypanthium fleshy when fruiting""",Kalkman (2004); Xiang et al. (2016)
Rosa_villosa,Biotic,Achenetum,"""hypanthium fleshy when fruiting""",Kalkman (2004); Xiang et al. (2016)
Rosa_phoenicia,Biotic,Achenetum,"""hypanthium fleshy when fruiting""",Kalkman (2004); Xiang et al. (2016)
Rosa_sempervirens,Biotic,Achenetum,"""hypanthium fleshy when fruiting""",Kalkman (2004); Xiang et al. (2016)
Rosa_columnifera,Biotic,Achenetum,"""hypanthium fleshy when fruiting""",Kalkman (2004); Xiang et al. (2016)
Rosa_subcanina,Biotic,Achenetum,"""hypanthium fleshy when fruiting""",Kalkman (2004); Xiang et al. (2016)
Rosa_abietina,Biotic,Achenetum,"""hypanthium fleshy when fruiting""",Kalkman (2004); Xiang et al. (2016)
Rosa_montana,Biotic,Achenetum,"""hypanthium fleshy when fruiting""",Kalkman (2004); Xiang et al. (2016)
Rosa_pseudoscabriuscula,Biotic,Achenetum,"""hypanthium fleshy when fruiting""",Kalkman (2004); Xiang et al. (2016)
Rosa_canina,Biotic,Achenetum,"""hypanthium fleshy when fruiting""",Kalkman (2004); Xiang et al. (2016)
Rosa_obtusifolia,Biotic,Achenetum,"""hypanthium fleshy when fruiting""",Kalkman (2004); Xiang et al. (2016)
Rosa_stylosa,Biotic,Achenetum,"""hypanthium fleshy when fruiting""",Kalkman (2004); Xiang et al. (2016)
Rosa_lichiangensis,Biotic,Achenetum,"""hypanthium fleshy when fruiting""",Kalkman (2004); Xiang et al. (2016)
Rosa_longicuspis,Biotic,Achenetum,"""hypanthium fleshy when fruiting""",Kalkman (2004); Xiang et al. (2016)
Rosa_tonquinensis,Biotic,Achenetum,"""hypanthium fleshy when fruiting""",Kalkman (2004); Xiang et al. (2016)
Rosa_maximowicziana,Biotic,Achenetum,"""hypanthium fleshy when fruiting""",Kalkman (2004); Xiang et al. (2016)
Rosa_lucieae,Biotic,Achenetum,"""hypanthium fleshy when fruiting""",Kalkman (2004); Xiang et al. (2016)
Rosa_rubus,Biotic,Achenetum,"""hypanthium fleshy when fruiting""",Kalkman (2004); Xiang et al. (2016)
Rosa_sambucina,Biotic,Achenetum,"""hypanthium fleshy when fruiting""",Kalkman (2004); Xiang et al. (2016)
Rosa_helenae,Biotic,Achenetum,"""hypanthium fleshy when fruiting""",Kalkman (2004); Xiang et al. (2016)
Rosa_henryi,Biotic,Achenetum,"""hypanthium fleshy when fruiting""",Kalkman (2004); Xiang et al. (2016)
Rosa_weisiensis,Biotic,Achenetum,"""hypanthium fleshy when fruiting""",Kalkman (2004); Xiang et al. (2016)
Rosa_tunquinensis,Biotic,Achenetum,"""hypanthium fleshy when fruiting""",Kalkman (2004); Xiang et al. (2016)
Rosa_multiflora,Biotic,Achenetum,"""hypanthium fleshy when fruiting""",Kalkman (2004); Xiang et al. (2016)
Rosa_sp,Biotic,Achenetum,"""hypanthium fleshy when fruiting""",Kalkman (2004); Xiang et al. (2016)
Rosa_tomentosa,Biotic,Achenetum,"""hypanthium fleshy when fruiting""",Kalkman (2004); Xiang et al. (2016)
Rosa_sherardii,Biotic,Achenetum,"""hypanthium fleshy when fruiting""",Kalkman (2004); Xiang et al. (2016)
Rosa_agrestis,Biotic,Achenetum,"""hypanthium fleshy when fruiting""",Kalkman (2004); Xiang et al. (2016)
Rosa_mollis,Biotic,Achenetum,"""hypanthium fleshy when fruiting""",Kalkman (2004); Xiang et al. (2016)
Rosa_eglanteria,Biotic,Achenetum,"""hypanthium fleshy when fruiting""",Kalkman (2004); Xiang et al. (2016)
Rosa_rubiginosa,Biotic,Achenetum,"""hypanthium fleshy when fruiting""",Kalkman (2004); Xiang et al. (2016)
Rosa_glauca,Biotic,Achenetum,"""hypanthium fleshy when fruiting""",Kalkman (2004); Xiang et al. (2016)
Rosa_marginata,Biotic,Achenetum,"""hypanthium fleshy when fruiting""",Kalkman (2004); Xiang et al. (2016)
Rosa_subcollina,Biotic,Achenetum,"""hypanthium fleshy when fruiting""",Kalkman (2004); Xiang et al. (2016)
Rosa_micrantha,Biotic,Achenetum,"""hypanthium fleshy when fruiting""",Kalkman (2004); Xiang et al. (2016)
Rosa_odorata,Biotic,Achenetum,"""hypanthium fleshy when fruiting""",Kalkman (2004); Xiang et al. (2016)
Rosa_soulieana,Biotic,Achenetum,"""hypanthium fleshy when fruiting""",Kalkman (2004); Xiang et al. (2016)
Rosa_transmorrisonensis,Biotic,Achenetum,"""hypanthium fleshy when fruiting""",Kalkman (2004); Xiang et al. (2016)
Rosa_davidii,Biotic,Achenetum,"""hypanthium fleshy when fruiting""",Kalkman (2004); Xiang et al. (2016)
Rosa_caudata,Biotic,Achenetum,"""hypanthium fleshy when fruiting""",Kalkman (2004); Xiang et al. (2016)
Rosa_praelucens,Biotic,Achenetum,"""hypanthium fleshy when fruiting""",Kalkman (2004); Xiang et al. (2016)
Rosa_abyssinica,Biotic,Achenetum,"""hypanthium fleshy when fruiting""",Kalkman (2004); Xiang et al. (2016)
Rosa_persetosa,Biotic,Achenetum,"""hypanthium fleshy when fruiting""",Kalkman (2004); Xiang et al. (2016)
Rosa_acicularis,Biotic,Achenetum,"""hypanthium fleshy when fruiting""",Kalkman (2004); Xiang et al. (2016)
Rosa_majalis,Biotic,Achenetum,"""hypanthium fleshy when fruiting""",Kalkman (2004); Xiang et al. (2016)
Rosa_spinosissima,Biotic,Achenetum,"""hypanthium fleshy when fruiting""",Kalkman (2004); Xiang et al. (2016)
Rosa_macrophylla,Biotic,Achenetum,"""hypanthium fleshy when fruiting""",Kalkman (2004); Xiang et al. (2016)
Rosa_platyacantha,Biotic,Achenetum,"""hypanthium fleshy when fruiting""",Kalkman (2004); Xiang et al. (2016)
Rosa_moyesii,Biotic,Achenetum,"""hypanthium fleshy when fruiting""",Kalkman (2004); Xiang et al. (2016)
Rosa_willmottiae,Biotic,Achenetum,"""hypanthium fleshy when fruiting""",Kalkman (2004); Xiang et al. (2016)
Rosa_bella,Biotic,Achenetum,"""hypanthium fleshy when fruiting""",Kalkman (2004); Xiang et al. (2016)
Rosa_nipponensis,Biotic,Achenetum,"""hypanthium fleshy when fruiting""",Kalkman (2004); Xiang et al. (2016)
Rosa_pendulina,Biotic,Achenetum,"""hypanthium fleshy when fruiting""",Kalkman (2004); Xiang et al. (2016)
Rosa_woodsii,Biotic,Achenetum,"""hypanthium fleshy when fruiting""",Kalkman (2004); Xiang et al. (2016)
Rosa_beggeriana,Biotic,Achenetum,"""hypanthium fleshy when fruiting""",Kalkman (2004); Xiang et al. (2016)
Rosa_caesia,Biotic,Achenetum,"""hypanthium fleshy when fruiting""",Kalkman (2004); Xiang et al. (2016)
Rosa_palustris,Biotic,Achenetum,"""hypanthium fleshy when fruiting""",Kalkman (2004); Xiang et al. (2016)
Rosa_davurica,Biotic,Achenetum,"""hypanthium fleshy when fruiting""",Kalkman (2004); Xiang et al. (2016)
Rosa_sertata,Biotic,Achenetum,"""hypanthium fleshy when fruiting""",Kalkman (2004); Xiang et al. (2016)
Rosa_virginiana,Biotic,Achenetum,"""hypanthium fleshy when fruiting""",Kalkman (2004); Xiang et al. (2016)
Rosa_sicula,Biotic,Achenetum,"""hypanthium fleshy when fruiting""",Kalkman (2004); Xiang et al. (2016)
Rosa_californica,Biotic,Achenetum,"""hypanthium fleshy when fruiting""",Kalkman (2004); Xiang et al. (2016)
Rosa_blanda,Biotic,Achenetum,"""hypanthium fleshy when fruiting""",Kalkman (2004); Xiang et al. (2016)
Rosa_nitida,Biotic,Achenetum,"""hypanthium fleshy when fruiting""",Kalkman (2004); Xiang et al. (2016)
Rosa_arkansana,Biotic,Achenetum,"""hypanthium fleshy when fruiting""",Kalkman (2004); Xiang et al. (2016)
Rosa_rugosa,Biotic,Achenetum,"""hypanthium fleshy when fruiting""",Kalkman (2004); Xiang et al. (2016)
Rosa_marretii,Biotic,Achenetum,"""hypanthium fleshy when fruiting""",Kalkman (2004); Xiang et al. (2016)
Rosa_carolina,Biotic,Achenetum,"""hypanthium fleshy when fruiting""",Kalkman (2004); Xiang et al. (2016)
Rosa_foliolosa,Biotic,Achenetum,"""hypanthium fleshy when fruiting""",Kalkman (2004); Xiang et al. (2016)
Rosa_multibracteata,Biotic,Achenetum,"""hypanthium fleshy when fruiting""",Kalkman (2004); Xiang et al. (2016)
Rosa_stellata,Biotic,Achenetum,"""hypanthium fleshy when fruiting""",Kalkman (2004); Xiang et al. (2016)
Sibbaldia_procumbons,Abiotic,Achenetum,,Kalkman (2004); Xiang et al. (2016)
Potentilla_miyabei,Abiotic,Achenetum,,Kalkman (2004); Xiang et al. (2016)
Sibbaldianthe_bifurca,Abiotic,Achenetum,,Kalkman (2004); Xiang et al. (2016)
Sibbaldia_adpressa,Abiotic,Achenetum,,Kalkman (2004); Xiang et al. (2016)
Sibbaldia_parviflora,Abiotic,Achenetum,,Kalkman (2004); Xiang et al. (2016)
Sibbaldia_cuneata,Abiotic,Achenetum,,Kalkman (2004); Xiang et al. (2016)
Sibbaldia_procumbens,Abiotic,Achenetum,,Kalkman (2004); Xiang et al. (2016)
Alchemilla_rothii,Abiotic,Achenetum,"""a dry achene""",Kalkman (2004); Xiang et al. (2016)
Alchemilla_rutenbergii,Abiotic,Achenetum,"""a dry achene""",Kalkman (2004); Xiang et al. (2016)
Alchemilla_colura,Abiotic,Achenetum,"""a dry achene""",Kalkman (2004); Xiang et al. (2016)
Alchemilla_elongata,Abiotic,Achenetum,"""a dry achene""",Kalkman (2004); Xiang et al. (2016)
Alchemilla_woodii,Abiotic,Achenetum,"""a dry achene""",Kalkman (2004); Xiang et al. (2016)
Alchemilla_granvikii,Abiotic,Achenetum,"""a dry achene""",Kalkman (2004); Xiang et al. (2016)
Alchemilla_hildebrandtii,Abiotic,Achenetum,"""a dry achene""",Kalkman (2004); Xiang et al. (2016)
Alchemilla_ellenbeckii,Abiotic,Achenetum,"""a dry achene""",Kalkman (2004); Xiang et al. (2016)
Alchemilla_volkensii,Abiotic,Achenetum,"""a dry achene""",Kalkman (2004); Xiang et al. (2016)
Alchemilla_kiwuensis,Abiotic,Achenetum,"""a dry achene""",Kalkman (2004); Xiang et al. (2016)
Alchemilla_microbetula,Abiotic,Achenetum,"""a dry achene""",Kalkman (2004); Xiang et al. (2016)
Alchemilla_schizophylla,Abiotic,Achenetum,"""a dry achene""",Kalkman (2004); Xiang et al. (2016)
Alchemilla_triphylla,Abiotic,Achenetum,"""a dry achene""",Kalkman (2004); Xiang et al. (2016)
Alchemilla_argyrophylla,Abiotic,Achenetum,"""a dry achene""",Kalkman (2004); Xiang et al. (2016)
Alchemilla_subnivalis,Abiotic,Achenetum,"""a dry achene""",Kalkman (2004); Xiang et al. (2016)
Alchemilla_stuhlmannii,Abiotic,Achenetum,"""a dry achene""",Kalkman (2004); Xiang et al. (2016)
Alchemilla_elgonensis,Abiotic,Achenetum,"""a dry achene""",Kalkman (2004); Xiang et al. (2016)
Alchemilla_cryptantha,Abiotic,Achenetum,"""a dry achene""",Kalkman (2004); Xiang et al. (2016)
Alchemilla_haumanii,Abiotic,Achenetum,"""a dry achene""",Kalkman (2004); Xiang et al. (2016)
Alchemilla_fischeri,Abiotic,Achenetum,"""a dry achene""",Kalkman (2004); Xiang et al. (2016)
Alchemilla_abyssinica,Abiotic,Achenetum,"""a dry achene""",Kalkman (2004); Xiang et al. (2016)
Alchemilla_hageniae,Abiotic,Achenetum,"""a dry achene""",Kalkman (2004); Xiang et al. (2016)
Alchemilla_gracilipes,Abiotic,Achenetum,"""a dry achene""",Kalkman (2004); Xiang et al. (2016)
Alchemilla_johnstonii,Abiotic,Achenetum,"""a dry achene""",Kalkman (2004); Xiang et al. (2016)
Alchemilla_pedata,Abiotic,Achenetum,"""a dry achene""",Kalkman (2004); Xiang et al. (2016)
Alchemilla_dewildemanii,Abiotic,Achenetum,"""a dry achene""",Kalkman (2004); Xiang et al. (2016)
Alchemilla_roccatii,Abiotic,Achenetum,"""a dry achene""",Kalkman (2004); Xiang et al. (2016)
Alchemilla_andringitrensis,Abiotic,Achenetum,"""a dry achene""",Kalkman (2004); Xiang et al. (2016)
Alchemilla_aphanoides,Abiotic,Achenetum,"""a dry achene""",Kalkman (2004); Xiang et al. (2016)
Alchemilla_vulcanica,Abiotic,Achenetum,"""a dry achene""",Kalkman (2004); Xiang et al. (2016)
Alchemilla_jamesonii,Abiotic,Achenetum,"""a dry achene""",Kalkman (2004); Xiang et al. (2016)
Alchemilla_hirta,Abiotic,Achenetum,"""a dry achene""",Kalkman (2004); Xiang et al. (2016)
Alchemilla_procumbens,Abiotic,Achenetum,"""a dry achene""",Kalkman (2004); Xiang et al. (2016)
Alchemilla_heptagona,Abiotic,Achenetum,"""a dry achene""",Kalkman (2004); Xiang et al. (2016)
Alchemilla_flabellata,Abiotic,Achenetum,"""a dry achene""",Kalkman (2004); Xiang et al. (2016)
Alchemilla_aranica,Abiotic,Achenetum,"""a dry achene""",Kalkman (2004); Xiang et al. (2016)
Alchemilla_mollis,Abiotic,Achenetum,"""a dry achene""",Kalkman (2004); Xiang et al. (2016)
Alchemilla_fissa,Abiotic,Achenetum,"""a dry achene""",Kalkman (2004); Xiang et al. (2016)
Alchemilla_retinervis,Abiotic,Achenetum,"""a dry achene""",Kalkman (2004); Xiang et al. (2016)
Alchemilla_incisa,Abiotic,Achenetum,"""a dry achene""",Kalkman (2004); Xiang et al. (2016)
Alchemilla_indivisa,Abiotic,Achenetum,"""a dry achene""",Kalkman (2004); Xiang et al. (2016)
Alchemilla_tenerifolia,Abiotic,Achenetum,"""a dry achene""",Kalkman (2004); Xiang et al. (2016)
Alchemilla_epipsila,Abiotic,Achenetum,"""a dry achene""",Kalkman (2004); Xiang et al. (2016)
Alchemilla_catachnoa,Abiotic,Achenetum,"""a dry achene""",Kalkman (2004); Xiang et al. (2016)
Alchemilla_fallax,Abiotic,Achenetum,"""a dry achene""",Kalkman (2004); Xiang et al. (2016)
Alchemilla_coriacea,Abiotic,Achenetum,"""a dry achene""",Kalkman (2004); Xiang et al. (2016)
Alchemilla_vetteri,Abiotic,Achenetum,"""a dry achene""",Kalkman (2004); Xiang et al. (2016)
Alchemilla_erythropoda,Abiotic,Achenetum,"""a dry achene""",Kalkman (2004); Xiang et al. (2016)
Alchemilla_oscensis,Abiotic,Achenetum,"""a dry achene""",Kalkman (2004); Xiang et al. (2016)
Alchemilla_colorata,Abiotic,Achenetum,"""a dry achene""",Kalkman (2004); Xiang et al. (2016)
Alchemilla_xanthochlora,Abiotic,Achenetum,"""a dry achene""",Kalkman (2004); Xiang et al. (2016)
Alchemilla_montserratii,Abiotic,Achenetum,"""a dry achene""",Kalkman (2004); Xiang et al. (2016)
Alchemilla_plicata,Abiotic,Achenetum,"""a dry achene""",Kalkman (2004); Xiang et al. (2016)
Alchemilla_schmidelyana,Abiotic,Achenetum,"""a dry achene""",Kalkman (2004); Xiang et al. (2016)
Alchemilla_longana,Abiotic,Achenetum,"""a dry achene""",Kalkman (2004); Xiang et al. (2016)
Alchemilla_tenuis,Abiotic,Achenetum,"""a dry achene""",Kalkman (2004); Xiang et al. (2016)
Alchemilla_hispanica,Abiotic,Achenetum,"""a dry achene""",Kalkman (2004); Xiang et al. (2016)
Alchemilla_hybrida,Abiotic,Achenetum,"""a dry achene""",Kalkman (2004); Xiang et al. (2016)
Alchemilla_crinita,Abiotic,Achenetum,"""a dry achene""",Kalkman (2004); Xiang et al. (2016)
Alchemilla_ilerdensis,Abiotic,Achenetum,"""a dry achene""",Kalkman (2004); Xiang et al. (2016)
Alchemilla_glabra,Abiotic,Achenetum,"""a dry achene""",Kalkman (2004); Xiang et al. (2016)
Alchemilla_japonica,Abiotic,Achenetum,"""a dry achene""",Kalkman (2004); Xiang et al. (2016)
Alchemilla_filicaulis,Abiotic,Achenetum,"""a dry achene""",Kalkman (2004); Xiang et al. (2016)
Alchemilla_transiens,Abiotic,Achenetum,"""a dry achene""",Kalkman (2004); Xiang et al. (2016)
Alchemilla_saxatilis,Abiotic,Achenetum,"""a dry achene""",Kalkman (2004); Xiang et al. (2016)
Alchemilla_sp,Abiotic,Achenetum,"""a dry achene""",Kalkman (2004); Xiang et al. (2016)
Alchemilla_faeroensis,Abiotic,Achenetum,"""a dry achene""",Kalkman (2004); Xiang et al. (2016)
Alchemilla_grenieri,Abiotic,Achenetum,"""a dry achene""",Kalkman (2004); Xiang et al. (2016)
Alchemilla_angustata,Abiotic,Achenetum,"""a dry achene""",Kalkman (2004); Xiang et al. (2016)
Alchemilla_alpina,Abiotic,Achenetum,"""a dry achene""",Kalkman (2004); Xiang et al. (2016)
Alchemilla_charbonneliana,Abiotic,Achenetum,"""a dry achene""",Kalkman (2004); Xiang et al. (2016)
Alchemilla_atriuscula,Abiotic,Achenetum,"""a dry achene""",Kalkman (2004); Xiang et al. (2016)
Alchemilla_glacialis,Abiotic,Achenetum,"""a dry achene""",Kalkman (2004); Xiang et al. (2016)
Alchemilla_subsericea,Abiotic,Achenetum,"""a dry achene""",Kalkman (2004); Xiang et al. (2016)
Alchemilla_decumbens,Abiotic,Achenetum,"""a dry achene""",Kalkman (2004); Xiang et al. (2016)
Alchemilla_pentaphyllea,Abiotic,Achenetum,"""a dry achene""",Kalkman (2004); Xiang et al. (2016)
Aphanes_microcarpa,Abiotic,Achene or achenetum,,Feng et al. (2017)
Aphanes_minutiflora,Abiotic,Achene or achenetum,,Feng et al. (2017)
Aphanes_arvensis,Abiotic,Achene or achenetum,,Feng et al. (2017)
Aphanes_sp,Abiotic,Achene or achenetum,,Feng et al. (2017)
Aphanes_cornucopioides,Abiotic,Achene or achenetum,,Feng et al. (2017)
Aphanes_australis,Abiotic,Achene or achenetum,,Feng et al. (2017)
Alchemilla_polylepis,Abiotic,Achenetum,"""a dry achene""",Kalkman (2004); Xiang et al. (2016)
Alchemilla_ocreata,Abiotic,Achenetum,"""a dry achene""",Kalkman (2004); Xiang et al. (2016)
Alchemilla_splendens,Abiotic,Achenetum,"""a dry achene""",Kalkman (2004); Xiang et al. (2016)
Alchemilla_sprucei,Abiotic,Achenetum,"""a dry achene""",Kalkman (2004); Xiang et al. (2016)
Alchemilla_hispidula,Abiotic,Achenetum,"""a dry achene""",Kalkman (2004); Xiang et al. (2016)
Alchemilla_nivalis,Abiotic,Achenetum,"""a dry achene""",Kalkman (2004); Xiang et al. (2016)
Lachemilla_holmgrenii,Abiotic,Achene or achenetum,,Feng et al. (2017)
Lachemilla_llanganatensis,Abiotic,Achene or achenetum,,Feng et al. (2017)
Alchemilla_galioides,Abiotic,Achenetum,"""a dry achene""",Kalkman (2004); Xiang et al. (2016)
Alchemilla_holosericea,Abiotic,Achenetum,"""a dry achene""",Kalkman (2004); Xiang et al. (2016)
Alchemilla_verticillata,Abiotic,Achenetum,"""a dry achene""",Kalkman (2004); Xiang et al. (2016)
Lachemilla_angustata,Abiotic,Achene or achenetum,,Feng et al. (2017)
Alchemilla_tanacetifolia,Abiotic,Achenetum,"""a dry achene""",Kalkman (2004); Xiang et al. (2016)
Alchemilla_pinnata,Abiotic,Achenetum,"""a dry achene""",Kalkman (2004); Xiang et al. (2016)
Alchemilla_mandoniana,Abiotic,Achenetum,"""a dry achene""",Kalkman (2004); Xiang et al. (2016)
Lachemilla_uniflora,Abiotic,Achene or achenetum,,Feng et al. (2017)
Alchemilla_diplophylla,Abiotic,Achenetum,"""a dry achene""",Kalkman (2004); Xiang et al. (2016)
Alchemilla_pectinata,Abiotic,Achenetum,"""a dry achene""",Kalkman (2004); Xiang et al. (2016)
Alchemilla_fulvescens,Abiotic,Achenetum,"""a dry achene""",Kalkman (2004); Xiang et al. (2016)
Alchemilla_propinqua,Abiotic,Achenetum,"""a dry achene""",Kalkman (2004); Xiang et al. (2016)
Alchemilla_rupestris,Abiotic,Achenetum,"""a dry achene""",Kalkman (2004); Xiang et al. (2016)
Comarum_salesovianum,Abiotic,Achenetum,Note: receptacle is somewhat spongy,Kalkman (2004); Xiang et al. (2016)
Comarum_palustre,Abiotic,Achenetum,Note: receptacle is somewhat spongy,Kalkman (2004); Xiang et al. (2016)
Fragaria_chiloensis,Biotic,Achenetum,note: enlarged torus,Kalkman (2004)
Fragaria_virginiana,Biotic,Achenetum,note: enlarged torus,Kalkman (2004)
Fragaria_moschata,Biotic,Achenetum,note: enlarged torus,Kalkman (2004)
Fragaria_mandshurica,Biotic,Achenetum,note: enlarged torus,Kalkman (2004)
Fragaria_vesca,Biotic,Achenetum,note: enlarged torus,Kalkman (2004)
Fragaria_sp,Biotic,Achenetum,note: enlarged torus,Kalkman (2004)
Fragaria_daltoniana,Biotic,Achenetum,note: enlarged torus,Kalkman (2004)
Fragaria_nilgerrensis,Biotic,Achenetum,note: enlarged torus,Kalkman (2004)
Fragaria_tibetica,Biotic,Achenetum,note: enlarged torus,Kalkman (2004)
Fragaria_orientalis,Biotic,Achenetum,note: enlarged torus,Kalkman (2004)
Fragaria_nipponica,Biotic,Achenetum,note: enlarged torus,Kalkman (2004)
Fragaria_moupinensis,Biotic,Achenetum,note: enlarged torus,Kalkman (2004)
Fragaria_pentaphylla,Biotic,Achenetum,note: enlarged torus,Kalkman (2004)
Fragaria_nubicola,Biotic,Achenetum,note: enlarged torus,Kalkman (2004)
Fragaria_viridis,Biotic,Achenetum,note: enlarged torus,Kalkman (2004)
Fragaria_hayatae,Biotic,Achenetum,note: enlarged torus,Kalkman (2004)
Fragaria_iinumae,Biotic,Achenetum,note: enlarged torus,Kalkman (2004)
Potaninia_mongolica,Abiotic,Achene,,Xiang et al. (2016)
Potentilla_parvifolia,Abiotic,Achenetum,,Xiang et al. (2016)
Dasiphora_phyllocalyx,Abiotic,Achenetum,,Xiang et al. (2016)
Dasiphora_davurica,Abiotic,Achenetum,,Xiang et al. (2016)
Dasiphora_fruticosa,Abiotic,Achenetum,,Xiang et al. (2016)
Chamaecallis_perpusillodes,Abiotic,Achene or achenetum,,Feng et al. (2017)
Drymocallis_pseudorupestris,Abiotic,Achenetum,,Xiang et al. (2016)
Drymocallis_glutinosa,Abiotic,Achenetum,,Xiang et al. (2016)
Potentilla_drummondii,Abiotic,Achenetum,,Xiang et al. (2016)
Drymocallis_corsica,Abiotic,Achenetum,,Xiang et al. (2016)
Drymocallis_rupestris,Abiotic,Achenetum,,Xiang et al. (2016)
Drymocallis_arguta,Abiotic,Achenetum,,Xiang et al. (2016)
Drymocallis_poteriifolia,Abiotic,Achenetum,,Xiang et al. (2016)
Chamaerhodos_mongholica,Abiotic,Achenetum,,Xiang et al. (2016)
Chamaerhodos_nuttallii,Abiotic,Achenetum,,Xiang et al. (2016)
Chamaerhodos_sabulosa,Abiotic,Achenetum,,Xiang et al. (2016)
Potentilla_tapetodes,Abiotic,Achenetum,,Xiang et al. (2016)
Potentilla_microphylla,Abiotic,Achenetum,,Xiang et al. (2016)
Potentilla_stenophylla,Abiotic,Achenetum,,Xiang et al. (2016)
Potentilla_glabriuscula,Abiotic,Achenetum,,Xiang et al. (2016)
Potentilla_songzhuensis,Abiotic,Achenetum,,Xiang et al. (2016)
Potentilla_peduncularis,Abiotic,Achenetum,,Xiang et al. (2016)
Potentilla_leuconota,Abiotic,Achenetum,,Xiang et al. (2016)
Potentilla_turfosa,Abiotic,Achenetum,,Xiang et al. (2016)
Sibbaldia_micropetala,Abiotic,Achenetum,,Xiang et al. (2016)
Sibbaldia_phanerophlebia,Abiotic,Achenetum,,Xiang et al. (2016)
Potentilla_polyphylla,Abiotic,Achenetum,,Xiang et al. (2016)
Potentilla_lignosa,Abiotic,Achenetum,,Xiang et al. (2016)
Potentilla_egedei,Abiotic,Achenetum,,Xiang et al. (2016)
Potentilla_anserina,Abiotic,Achenetum,,Xiang et al. (2016)
Potentilla_sterilis,Abiotic,Achenetum,,Xiang et al. (2016)
Potentilla_simulatrix,Abiotic,Achenetum,,Xiang et al. (2016)
Potentilla_centigrana,Abiotic,Achenetum,,Xiang et al. (2016)
Duchesnea_indica,Biotic,Achene or achenetum,Note: enlarged receptacle as in Fragaria ,Kalkman (2004); Feng et al. (2017)
Potentilla_indica,remove,remove,note: synonym of Duchesnea indica,
Duchesnea_chrysantha,Biotic,Achene or achenetum,Note: enlarged receptacle as in Fragaria ,Kalkman (2004); Feng et al. (2017)
Potentilla_erecta,Abiotic,Achenetum,,Xiang et al. (2016)
Potentilla_anglica,Abiotic,Achenetum,,Xiang et al. (2016)
Potentilla_reptans,Abiotic,Achenetum,,Xiang et al. (2016)
Potentilla_stolonifera,Abiotic,Achenetum,,Xiang et al. (2016)
Potentilla_fragarioides,Abiotic,Achenetum,,Xiang et al. (2016)
Horkeliella_purpurascens,Abiotic,Achene or achenetum,,Feng et al. (2017)
Horkelia_bolanderi,Abiotic,Achenetum,,Xiang et al. (2016)
Potentilla_sp,remove,remove,,Xiang et al. (2016)
Potentilla_norvegica,Abiotic,Achenetum,,Xiang et al. (2016)
Ivesia_kingii,Abiotic,Achene or achenetum,,Feng et al. (2017)
Ivesia_multifoliolata,Abiotic,Achene or achenetum,,Feng et al. (2017)
Potentilla_supina,Abiotic,Achenetum,,Panigrahi and Dikshit (1985); Xiang et al. (2016)
Potentilla_dombeyi,Abiotic,Achenetum,,Panigrahi and Dikshit (1985); Xiang et al. (2016)
Potentilla_speciosa,Abiotic,Achenetum,,Panigrahi and Dikshit (1985); Xiang et al. (2016)
Potentilla_subvahliana,Abiotic,Achenetum,,Panigrahi and Dikshit (1985); Xiang et al. (2016)
Potentilla_fragiformis,Abiotic,Achenetum,,Panigrahi and Dikshit (1985); Xiang et al. (2016)
Potentilla_elegans,Abiotic,Achenetum,,Panigrahi and Dikshit (1985); Xiang et al. (2016)
Potentilla_pulchella,Abiotic,Achenetum,,Panigrahi and Dikshit (1985); Xiang et al. (2016)
Potentilla_rubricaulis,Abiotic,Achenetum,,Panigrahi and Dikshit (1985); Xiang et al. (2016)
Potentilla_multifida,Abiotic,Achenetum,,Panigrahi and Dikshit (1985); Xiang et al. (2016)
Potentilla_petraea,Abiotic,Achenetum,,Panigrahi and Dikshit (1985); Xiang et al. (2016)
Potentilla_pannosa,Abiotic,Achenetum,,Panigrahi and Dikshit (1985); Xiang et al. (2016)
Potentilla_villosula,Abiotic,Achenetum,,Panigrahi and Dikshit (1985); Xiang et al. (2016)
Potentilla_persica,Abiotic,Achenetum,,Panigrahi and Dikshit (1985); Xiang et al. (2016)
Potentilla_kurdica,Abiotic,Achenetum,,Panigrahi and Dikshit (1985); Xiang et al. (2016)
Potentilla_grandiflora,Abiotic,Achenetum,,Panigrahi and Dikshit (1985); Xiang et al. (2016)
Potentilla_radiata,Abiotic,Achenetum,,Panigrahi and Dikshit (1985); Xiang et al. (2016)
Potentilla_tanacetifolia,Abiotic,Achenetum,,Panigrahi and Dikshit (1985); Xiang et al. (2016)
Potentilla_thuringiaca,Abiotic,Achenetum,,Panigrahi and Dikshit (1985); Xiang et al. (2016)
Potentilla_neumanniana,Abiotic,Achenetum,,Panigrahi and Dikshit (1985); Xiang et al. (2016)
Potentilla_chrysantha,Abiotic,Achenetum,,Panigrahi and Dikshit (1985); Xiang et al. (2016)
Potentilla_montenegrina,Abiotic,Achenetum,,Panigrahi and Dikshit (1985); Xiang et al. (2016)
Potentilla_nepalensis,Abiotic,Achenetum,,Panigrahi and Dikshit (1985); Xiang et al. (2016)
Potentilla_argentea,Abiotic,Achenetum,,Panigrahi and Dikshit (1985); Xiang et al. (2016)
Potentilla_flabellifolia,Abiotic,Achenetum,,Panigrahi and Dikshit (1985); Xiang et al. (2016)
Potentilla_pensylvanica,Abiotic,Achenetum,,Panigrahi and Dikshit (1985); Xiang et al. (2016)
Potentilla_atrosanguinea,Abiotic,Achenetum,,Panigrahi and Dikshit (1985); Xiang et al. (2016)
Potentilla_neumaniana,Abiotic,Achenetum,,Panigrahi and Dikshit (1985); Xiang et al. (2016)
Potentilla_adscharica,Abiotic,Achenetum,,Panigrahi and Dikshit (1985); Xiang et al. (2016)
Potentilla_recta,Abiotic,Achenetum,,Panigrahi and Dikshit (1985); Xiang et al. (2016)
Potentilla_crantzii,Abiotic,Achenetum,,Panigrahi and Dikshit (1985); Xiang et al. (2016)
Potentilla_pimpinelloides,Abiotic,Achenetum,,Panigrahi and Dikshit (1985); Xiang et al. (2016)
Potentilla_hyparctica,Abiotic,Achenetum,,Panigrahi and Dikshit (1985); Xiang et al. (2016)
Potentilla_concinna,Abiotic,Achenetum,,Panigrahi and Dikshit (1985); Xiang et al. (2016)
Potentilla_hippiana,Abiotic,Achenetum,,Panigrahi and Dikshit (1985); Xiang et al. (2016)
Potentilla_diversifolia,Abiotic,Achenetum,,Panigrahi and Dikshit (1985); Xiang et al. (2016)
Potentilla_gracilis,Abiotic,Achenetum,,Panigrahi and Dikshit (1985); Xiang et al. (2016)
Potentilla_nivea,Abiotic,Achenetum,,Panigrahi and Dikshit (1985); Xiang et al. (2016)
Potentilla_tollii,Abiotic,Achenetum,,Panigrahi and Dikshit (1985); Xiang et al. (2016)
Potentilla_multicaulis,Abiotic,Achenetum,,Panigrahi and Dikshit (1985); Xiang et al. (2016)
Potentilla_discolor,Abiotic,Achenetum,,Panigrahi and Dikshit (1985); Xiang et al. (2016)
Potentilla_chinensis,Abiotic,Achenetum,,Panigrahi and Dikshit (1985); Xiang et al. (2016)
Potentilla_stipularis,Abiotic,Achenetum,,Panigrahi and Dikshit (1985); Xiang et al. (2016)
Potentilla_kleiniana,Abiotic,Achenetum,,Panigrahi and Dikshit (1985); Xiang et al. (2016)
Potentilla_thurberi,Abiotic,Achenetum,,Panigrahi and Dikshit (1985); Xiang et al. (2016)
Potentilla_pulvinaris,Abiotic,Achenetum,,Panigrahi and Dikshit (1985); Xiang et al. (2016)
Potentilla_villosa,Abiotic,Achenetum,,Panigrahi and Dikshit (1985); Xiang et al. (2016)
Potentilla_bimundorum,Abiotic,Achenetum,,Panigrahi and Dikshit (1985); Xiang et al. (2016)
Potentilla_bipinnatifida,Abiotic,Achenetum,,Panigrahi and Dikshit (1985); Xiang et al. (2016)
Potentilla_uniflora,Abiotic,Achenetum,,Panigrahi and Dikshit (1985); Xiang et al. (2016)
Potentilla_biennis,Abiotic,Achenetum,,Panigrahi and Dikshit (1985); Xiang et al. (2016)
Ivesia_saxosa,Abiotic,Achene or achenetum,,Feng et al. (2017)
Ivesia_lycopodioides,Abiotic,Achene or achenetum,,Feng et al. (2017)
Sibbaldia_tetrandra,Abiotic,Achenetum,,Panigrahi and Dikshit (1985); Xiang et al. (2016)
Potentilla_clandestina,Abiotic,Achenetum,,Panigrahi and Dikshit (1985); Xiang et al. (2016)
Sibbaldia_purpurea,Abiotic,Achenetum,,Panigrahi and Dikshit (1985); Xiang et al. (2016)
Potentilla_griffithii,Abiotic,Achenetum,,Panigrahi and Dikshit (1985); Xiang et al. (2016)
Potentilla_articulata,Abiotic,Achenetum,,Panigrahi and Dikshit (1985); Xiang et al. (2016)
Potentilla_biflora,Abiotic,Achenetum,,Panigrahi and Dikshit (1985); Xiang et al. (2016)
Potentilla_curviseta,Abiotic,Achenetum,,Panigrahi and Dikshit (1985); Xiang et al. (2016)
Potentilla_ancistrifolia,Abiotic,Achenetum,,Panigrahi and Dikshit (1985); Xiang et al. (2016)
Potentilla_nitida,Abiotic,Achenetum,,Panigrahi and Dikshit (1985); Xiang et al. (2016)
Potentilla_divina,Abiotic,Achenetum,,Panigrahi and Dikshit (1985); Xiang et al. (2016)
Potentilla_clusiana,Abiotic,Achenetum,,Panigrahi and Dikshit (1985); Xiang et al. (2016)
Potentilla_micrantha,Abiotic,Achenetum,,Panigrahi and Dikshit (1985); Xiang et al. (2016)
Potentilla_grammopetala,Abiotic,Achenetum,,Panigrahi and Dikshit (1985); Xiang et al. (2016)
Potentilla_alchemilloides,Abiotic,Achenetum,,Panigrahi and Dikshit (1985); Xiang et al. (2016)
Potentilla_valderia,Abiotic,Achenetum,,Panigrahi and Dikshit (1985); Xiang et al. (2016)
Potentilla_tabernaemontani,Abiotic,Achenetum,,Panigrahi and Dikshit (1985); Xiang et al. (2016)
Potentilla_alba,Abiotic,Achenetum,,Panigrahi and Dikshit (1985); Xiang et al. (2016)
Potentilla_caulescens,Abiotic,Achenetum,,Panigrahi and Dikshit (1985); Xiang et al. (2016)
Fallugia_paradoxa,Abiotic,Achenetum,,Kalkman (2004); Xiang et al. (2016)
Sieversia_pusilla,Abiotic,Achenetum,"Note: related to Geum, probably same fruit type",Panigrahi and Purohit (1979)
Geum_pentapetalum,Abiotic,Achenetum,Note: probably wind dispersed,Kalkman (2004); Xiang et al. (2016)
Geum_glaciale,Abiotic,Achenetum,Note: probably wind dispersed,Kalkman (2004); Xiang et al. (2016)
Geum_bulgaricum,Abiotic,Achenetum,Note: probably wind dispersed,Kalkman (2004); Xiang et al. (2016)
Geum_andicola,Abiotic,Achenetum,Note: probably wind dispersed,Kalkman (2004); Xiang et al. (2016)
Geum_vernum,Abiotic,Achenetum,Note: probably wind dispersed,Kalkman (2004); Xiang et al. (2016)
Geum_chiloense,Abiotic,Achenetum,Note: probably wind dispersed,Kalkman (2004); Xiang et al. (2016)
Geum_macrophyllum,Abiotic,Achenetum,Note: probably wind dispersed,Kalkman (2004); Xiang et al. (2016)
Geum_reptans,Abiotic,Achenetum,Note: probably wind dispersed,Kalkman (2004); Xiang et al. (2016)
Geum_montanum,Abiotic,Achenetum,Note: probably wind dispersed,Kalkman (2004); Xiang et al. (2016)
Geum_canadense,Abiotic,Achenetum,Note: probably wind dispersed,Kalkman (2004); Xiang et al. (2016)
Geum_urbanum,Abiotic,Achenetum,Note: probably wind dispersed,Kalkman (2004); Xiang et al. (2016)
Geum_rivale,Abiotic,Achenetum,Note: probably wind dispersed,Kalkman (2004); Xiang et al. (2016)
Geum_geniculatum,Abiotic,Achenetum,Note: probably wind dispersed,Kalkman (2004); Xiang et al. (2016)
Geum_speciosum,Abiotic,Achenetum,Note: probably wind dispersed,Kalkman (2004); Xiang et al. (2016)
Geum_aleppicum,Abiotic,Achenetum,Note: probably wind dispersed,Kalkman (2004); Xiang et al. (2016)
Geum_rossii,Abiotic,Achenetum,Note: probably wind dispersed,Kalkman (2004); Xiang et al. (2016)
Geum_triflorum,Abiotic,Achenetum,Note: probably wind dispersed,Kalkman (2004); Xiang et al. (2016)
Coluria_elegans,Abiotic,Achenetum,,Xiang et al. (2016)
Coluria_geoides,Abiotic,Achenetum,,Xiang et al. (2016)
Acomastylis_elata,Abiotic,Achenetum,,Xiang et al. (2016)
Geum_sikkimense,Abiotic,Achenetum,,Kalkman (2004); Xiang et al. (2016)
Geum_heterocarpum,Abiotic,Achenetum,,Kalkman (2004); Xiang et al. (2016)
Geum_calthifolium,Abiotic,Achenetum,,Kalkman (2004); Xiang et al. (2016)
Taihangia_rupestris,Abiotic,Achenetum,,Kalkman (2004); Xiang et al. (2016)
Geum_fragarioides,Abiotic,Achenetum,,Kalkman (2004); Xiang et al. (2016)
Geum_waldsteiniae,Abiotic,Achenetum,,Kalkman (2004); Xiang et al. (2016)
Geum_leiospermum,Abiotic,Achenetum,,Kalkman (2004); Xiang et al. (2016)
Geum_cockaynei,Abiotic,Achenetum,,Kalkman (2004); Xiang et al. (2016)
Rubus_lasiostylus,Biotic,Drupetum,,Xiang et al. (2016)
Rubus_innominatus,Biotic,Drupetum,,Xiang et al. (2016)
Rubus_pungens,Biotic,Drupetum,,Xiang et al. (2016)
Rubus_acaulis,Biotic,Drupetum,,Xiang et al. (2016)
Rubus_subtibetanus,Biotic,Drupetum,,Xiang et al. (2016)
Rubus_coreanus,Biotic,Drupetum,,Xiang et al. (2016)
Rubus_inopertus,Biotic,Drupetum,,Xiang et al. (2016)
Rubus_mesogaeus,Biotic,Drupetum,,Xiang et al. (2016)
Rubus_parvifolius,Biotic,Drupetum,,Xiang et al. (2016)
Rubus_subinopertus,Biotic,Drupetum,,Xiang et al. (2016)
Rubus_idaeus,Biotic,Drupetum,,Xiang et al. (2016)
Rubus_phoenicolasius,Biotic,Drupetum,,Xiang et al. (2016)
Rubus_stans,Biotic,Drupetum,,Xiang et al. (2016)
Rubus_hoffmeisterianus,Biotic,Drupetum,,Xiang et al. (2016)
Rubus_biflorus,Biotic,Drupetum,,Xiang et al. (2016)
Rubus_alexeterius,Biotic,Drupetum,,Xiang et al. (2016)
Rubus_niveus,Biotic,Drupetum,,Xiang et al. (2016)
Rubus_ursinus,Biotic,Drupetum,,Xiang et al. (2016)
Rubus_macraei,Biotic,Drupetum,,Xiang et al. (2016)
Rubus_arizonensis,Biotic,Drupetum,,Xiang et al. (2016)
Rubus_discolor,Biotic,Drupetum,,Xiang et al. (2016)
Rubus_parvus,Biotic,Drupetum,,Xiang et al. (2016)
Rubus_canescens,Biotic,Drupetum,,Xiang et al. (2016)
Rubus_geoides,Biotic,Drupetum,,Xiang et al. (2016)
Rubus_gunnianus,Biotic,Drupetum,,Xiang et al. (2016)
Rubus_moorei,Biotic,Drupetum,,Xiang et al. (2016)
Rubus_nivalis,Biotic,Drupetum,,Xiang et al. (2016)
Rubus_roseus,Biotic,Drupetum,,Xiang et al. (2016)
Rubus_glabratus,Biotic,Drupetum,,Xiang et al. (2016)
Rubus_nubigenus,Biotic,Drupetum,,Xiang et al. (2016)
Rubus_urticifolius,Biotic,Drupetum,,Xiang et al. (2016)
Rubus_praecox,Biotic,Drupetum,,Xiang et al. (2016)
Rubus_alpinus,Biotic,Drupetum,,Xiang et al. (2016)
Rubus_trivialis,Biotic,Drupetum,,Xiang et al. (2016)
Rubus_plicatus,Biotic,Drupetum,,Xiang et al. (2016)
Rubus_canadensis,Biotic,Drupetum,,Xiang et al. (2016)
Rubus_setosus,Biotic,Drupetum,,Xiang et al. (2016)
Rubus_pensilvanicus,Biotic,Drupetum,,Xiang et al. (2016)
Rubus_hispidus,Biotic,Drupetum,,Xiang et al. (2016)
Rubus_flagellaris,Biotic,Drupetum,,Xiang et al. (2016)
Rubus_argutus,Biotic,Drupetum,,Xiang et al. (2016)
Rubus_cuneifolius,Biotic,Drupetum,,Xiang et al. (2016)
Rubus_nessensis,Biotic,Drupetum,,Xiang et al. (2016)
Rubus_sapidus,Biotic,Drupetum,,Xiang et al. (2016)
Rubus_hochstetterorum,Biotic,Drupetum,,Xiang et al. (2016)
Rubus_glaucus,Biotic,Drupetum,,Xiang et al. (2016)
Rubus_allegheniensis,Biotic,Drupetum,,Xiang et al. (2016)
Rubus_divaricatus,Biotic,Drupetum,,Xiang et al. (2016)
Rubus_vigorosus,Biotic,Drupetum,,Xiang et al. (2016)
Rubus_ulmifolius,Biotic,Drupetum,,Xiang et al. (2016)
Rubus_sanctus,Biotic,Drupetum,,Xiang et al. (2016)
Rubus_bifrons,Biotic,Drupetum,,Xiang et al. (2016)
Rubus_sulcatus,Biotic,Drupetum,,Xiang et al. (2016)
Rubus_caesius,Biotic,Drupetum,,Xiang et al. (2016)
Rubus_pedemontanus,Biotic,Drupetum,,Xiang et al. (2016)
Rubus_caucasicus,Biotic,Drupetum,,Xiang et al. (2016)
Rubus_fruticosus,Biotic,Drupetum,,Xiang et al. (2016)
Rubus_arcticus,Biotic,Drupetum,,Xiang et al. (2016)
Rubus_pubescens,Biotic,Drupetum,,Xiang et al. (2016)
Rubus_ellipticus,Biotic,Drupetum,,Xiang et al. (2016)
Rubus_wallichianus,Biotic,Drupetum,,Xiang et al. (2016)
Rubus_humulifolius,Biotic,Drupetum,,Xiang et al. (2016)
Rubus_pectinellus,Biotic,Drupetum,,Xiang et al. (2016)
Rubus_trianthus,Biotic,Drupetum,,Xiang et al. (2016)
Rubus_crataegifolius,Biotic,Drupetum,,Xiang et al. (2016)
Rubus_trifidus,Biotic,Drupetum,,Xiang et al. (2016)
Rubus_macilentus,Biotic,Drupetum,,Xiang et al. (2016)
Rubus_eustephanos,Biotic,Drupetum,,Xiang et al. (2016)
Rubus_sumatranus,Biotic,Drupetum,,Xiang et al. (2016)
Rubus_rosifolius,Biotic,Drupetum,,Xiang et al. (2016)
Rubus_tsangii,Biotic,Drupetum,,Xiang et al. (2016)
Rubus_amabilis,Biotic,Drupetum,,Xiang et al. (2016)
Rubus_hirsutus,Biotic,Drupetum,,Xiang et al. (2016)
Rubus_hongnoensis,Biotic,Drupetum,,Xiang et al. (2016)
Rubus_croceacanthus,Biotic,Drupetum,,Xiang et al. (2016)
Rubus_illecebrosus,Biotic,Drupetum,,Xiang et al. (2016)
Rubus_ribisoideus,Biotic,Drupetum,,Xiang et al. (2016)
Rubus_longisepalus,Biotic,Drupetum,,Xiang et al. (2016)
Rubus_palmatus,Biotic,Drupetum,,Xiang et al. (2016)
Rubus_corchorifolius,Biotic,Drupetum,,Xiang et al. (2016)
Rubus_chingii,Biotic,Drupetum,,Xiang et al. (2016)
Rubus_idaeopsis,Biotic,Drupetum,,Xiang et al. (2016)
Rubus_saxatilis,Biotic,Drupetum,,Xiang et al. (2016)
Rubus_leucodermis,Biotic,Drupetum,,Xiang et al. (2016)
Rubus_occidentalis,Biotic,Drupetum,,Xiang et al. (2016)
Rubus_lineatus,Biotic,Drupetum,,Xiang et al. (2016)
Rubus_calophyllus,Biotic,Drupetum,,Xiang et al. (2016)
Rubus_amphidasys,Biotic,Drupetum,,Xiang et al. (2016)
Rubus_rufus,Biotic,Drupetum,,Xiang et al. (2016)
Rubus_pluribracteatus,Biotic,Drupetum,,Xiang et al. (2016)
Rubus_hunanensis,Biotic,Drupetum,,Xiang et al. (2016)
Rubus_irenaeus,Biotic,Drupetum,,Xiang et al. (2016)
Rubus_cochinchinensis,Biotic,Drupetum,,Xiang et al. (2016)
Rubus_lambertianus,Biotic,Drupetum,,Xiang et al. (2016)
Rubus_caudifolius,Biotic,Drupetum,,Xiang et al. (2016)
Rubus_buergeri,Biotic,Drupetum,,Xiang et al. (2016)
Rubus_assamensis,Biotic,Drupetum,,Xiang et al. (2016)
Rubus_parkeri,Biotic,Drupetum,,Xiang et al. (2016)
Rubus_ichangensis,Biotic,Drupetum,,Xiang et al. (2016)
Rubus_tricolor,Biotic,Drupetum,,Xiang et al. (2016)
Rubus_faberi,Biotic,Drupetum,,Xiang et al. (2016)
Rubus_setchuenensis,Biotic,Drupetum,,Xiang et al. (2016)
Rubus_yiwuanus,Biotic,Drupetum,,Xiang et al. (2016)
Rubus_pirifolius,Biotic,Drupetum,,Xiang et al. (2016)
Rubus_tephrodes,Biotic,Drupetum,,Xiang et al. (2016)
Rubus_swinhoei,Biotic,Drupetum,,Xiang et al. (2016)
Rubus_treutleri,Biotic,Drupetum,,Xiang et al. (2016)
Rubus_pinnatisepalus,Biotic,Drupetum,,Xiang et al. (2016)
Rubus_pentagonus,Biotic,Drupetum,,Xiang et al. (2016)
Rubus_phengodes,Biotic,Drupetum,,Xiang et al. (2016)
Rubus_fockeanus,Biotic,Drupetum,,Xiang et al. (2016)
Rubus_pectinarioides,Biotic,Drupetum,,Xiang et al. (2016)
Rubus_calycinus,Biotic,Drupetum,,Xiang et al. (2016)
Rubus_sengorensis,Biotic,Drupetum,,Xiang et al. (2016)
Rubus_thomsonii,Biotic,Drupetum,,Xiang et al. (2016)
Rubus_hawaiensis,Biotic,Drupetum,,Xiang et al. (2016)
Rubus_spectabilis,Biotic,Drupetum,,Xiang et al. (2016)
Rubus_repens,Biotic,Drupetum,,Xiang et al. (2016)
Rubus_chamaemorus,Biotic,Drupetum,,Xiang et al. (2016)
Rubus_lasiococcus,Biotic,Drupetum,,Xiang et al. (2016)
Rubus_pedatus,Biotic,Drupetum,,Xiang et al. (2016)
Rubus_odoratus,Biotic,Drupetum,,Xiang et al. (2016)
Rubus_parviflorus,Biotic,Drupetum,,Xiang et al. (2016)
Rubus_deliciosus,Biotic,Drupetum,,Xiang et al. (2016)
Rubus_neomexicanus,Biotic,Drupetum,,Xiang et al. (2016)
Rubus_trilobus,Biotic,Drupetum,,Xiang et al. (2016)
Geum_sp,remove,remove,note: indet species,
Dryas_drummondii,Abiotic,Achenetum,note: probably wind dispersed,Lawrence et al (1967); Xiang et al. (2016)
Dryas_octopetala,Abiotic,Achenetum,note: probably wind dispersed,Lawrence et al (1967); Xiang et al. (2016)
Cercocarpus_montanus,Abiotic,Achene,note: probably wind dispersed,Xiang et al. (2016); dendro.cnre.vt.edu
Cercocarpus_betuloides,Abiotic,Achene,note: probably wind dispersed,Xiang et al. (2016); dendro.cnre.vt.edu
Chamaebatia_foliolosa,Abiotic,Achene,,Xiang et al. (2016)
Cercocarpus_ledifolius,Abiotic,Achene,note: probably wind dispersed,Xiang et al. (2016); dendro.cnre.vt.edu
Purshia_stansburyana,Abiotic,Achene,,Xiang et al. (2016)
Purshia_tridentata,Abiotic,Achene,,Xiang et al. (2016)