Species,Fruit_type,Dispersal_mode_detailed,Fruit_type_and_notes,Notes,References,,Solanum clade
Solanum_chenopodinum,Fleshy,Bird,Berry,Note: bird dispersed,Symon (1987),,OLD WORLD
Solanum_ferocissimum,Fleshy,Bird,Berry,Note: bird dispersed,Symon (1987),,OLD WORLD
Solanum_stelligerum,Fleshy,Bird,Berry,Note: bird dispersed,Symon (1987),,OLD WORLD
Solanum_latens,Fleshy,Bird,Berry,"Note: ""red""",solanaceaesource.org,,OLD WORLD
Solanum_chenopodium,Fleshy,,Berry,,solanaceaesource.org,,OLD WORLD
Solanum_gympiense,Fleshy,,Berry,,solanaceaesource.org,,OLD WORLD
Solanum_densevestitum,Fleshy,,Berry,,solanaceaesource.org,,OLD WORLD
Solanum_nemophilum,Fleshy,,Berry,,solanaceaesource.org,,OLD WORLD
Solanum_hapalum,Fleshy,,Berry,,solanaceaesource.org,,OLD WORLD
Solanum_innoxium,Fleshy,,Berry,,solanaceaesource.org,,OLD WORLD
Solanum_johnsonianum,Fleshy,,Berry,,solanaceaesource.org,,OLD WORLD
Solanum_discolor,Fleshy,,Berry,,solanaceaesource.org,,OLD WORLD
Solanum_shirleyanum,Fleshy,,Berry,,solanaceaesource.org,,OLD WORLD
Solanum_corifolium,Fleshy,Bird,Berry,Note: bird dispersed,Symon (1987),,OLD WORLD
Solanum_cookii,Fleshy,,Berry,"Note: ""green""",solanaceaesource.org,,OLD WORLD
Solanum_dissectum,Fleshy,,Berry,,solanaceaesource.org,,OLD WORLD
Solanum_stupefactum,Fleshy,Bird,Berry,"Note: ""orange when ripe""",solanaceaesource.org,,OLD WORLD
Solanum_furfuraceum,Fleshy,,Berry,"Note: ""yellowish-green or green""",solanaceaesource.org,,OLD WORLD
Solanum_rixosum,Fleshy,,Berry,"Note: ""yellowish-green or green""",solanaceaesource.org,,OLD WORLD
Solanum_incompletum,Fleshy,,Berry,,solanaceaesource.org,,OLD WORLD
Solanum_sandwicense,Fleshy,,Berry,,solanaceaesource.org,,OLD WORLD
Solanum_mitchellianum,Fleshy,,Berry,,solanaceaesource.org,,OLD WORLD
Solanum_semiarmatum,Fleshy,Bird,Berry,Note: bird dispersed,Symon (1987),,OLD WORLD
Solanum_pancheri,Fleshy,,Berry,,solanaceaesource.org,,OLD WORLD
Solanum_vaccinioides,Fleshy,,Berry,,solanaceaesource.org,,OLD WORLD
Solanum_brownii,Fleshy,doubtful,Berry,Note: probably mammal or bird dispersed,Symon (1979),,OLD WORLD
Solanum_curvicuspe,no_info,,Berry,,,,OLD WORLD
Solanum_viridifolium,Fleshy,,Berry,,solanaceaesource.org,,OLD WORLD
Solanum_macoorai,Fleshy,bird,Berry,"Note: ""red or orange""",solanaceaesource.org,,OLD WORLD
Solanum_dimorphispinum,Fleshy,,Berry,"Note: ""yellow when ripe""",solanaceaesource.org,,OLD WORLD
Solanum_amblymerum,Fleshy,,Berry,"Note: ""pale green with dark green streaks""",solanaceaesource.org,,OLD WORLD
Solanum_limitare,Fleshy,,Berry,"Note: ""pale green with dark green streaks""",solanaceaesource.org,,OLD WORLD
Solanum_inaequilaterum,Fleshy,,Berry,,solanaceaesource.org,,OLD WORLD
Solanum_acanthodapis,Fleshy,,Berry,"Note: ""yellowish-green""",solanaceaesource.org,,OLD WORLD
Solanum_serpens,Fleshy,,Berry,"Note: ""yellowish-green or green""",solanaceaesource.org,,OLD WORLD
Solanum_neoanglicum,Fleshy,,Berry,"Note: ""yellowish-green or green""",delta-intkey.com/solanum/www/neoangli,,OLD WORLD
Solanum_nobile,Fleshy,,Berry,"Note: ""pale green with dark green streaks""",solanaceaesource.org,,OLD WORLD
Solanum_argopetalum,Fleshy,,Berry,"Note: ""yellowish-green or green""",solanaceaesource.org,,OLD WORLD
Solanum_papaverifolium,Fleshy,,Berry,"Note: ""yellowish-green or green""",solanaceaesource.org,,OLD WORLD
Solanum_sturtianum,doubtful,,Berry,"Note: fruit is dry; fracturing, probably wind dispersed",solanaceaesource.org; Symon (1979),,OLD WORLD
Solanum_stenopterum,no_info,,Berry,,,,OLD WORLD
Solanum_lythrocarpum,Fleshy,,Berry,"Note: ""berry red and juicy""",solanaceaesource.org,,OLD WORLD
Solanum_petrophilum,doubtful,,Berry,Note: fruit is dry,delta-intkey.com/solanum/www/neoangli,,OLD WORLD
Solanum_ellipticum,Fleshy,,Berry,"Note: ""yellowish-green""",delta-intkey.com/solanum/www/neoangli,,OLD WORLD
Solanum_quadriloculatum,doubtful,,Berry,"Note: ""finally hard, bony, light yellow-brown""",solanaceaesource.org,,OLD WORLD
Solanum_dianthophorum,Fleshy,,Berry,Note: probably lizard dispersed,Symon (1979),,OLD WORLD
Solanum_centrale,Fleshy,,Berry,"Note: ""mature fruits globular, yellow or yellowish-green""",delta-intkey.com/solanum/www/neoangli,,OLD WORLD
Solanum_esuriale,Fleshy,,Berry,"Note: ""yellowish-green or green""",delta-intkey.com/solanum/www/neoangli,,OLD WORLD
Solanum_cinereum,doubtful,,Berry,"Note: possibly wind or wash dispersed; ""yellowish-green or green""",Symon (1979); delta-intkey.com/solanum/www/neoangli,,OLD WORLD
Solanum_prinophyllum,Fleshy,,Berry,"Note: ""green""",delta-intkey.com/solanum/www/neoangli,,OLD WORLD
Solanum_pungetium,Fleshy,,Berry,Note: probably lizard dispersed,Symon (1979),,OLD WORLD
Solanum_campanulatum,no_info,,Berry,,,,OLD WORLD
Solanum_ditrichum,Fleshy,,Berry,"Note: ""yellowish-green or pale green with dark green streaks""",solanaceaesource.org,,OLD WORLD
Solanum_vicinum,Fleshy,,Berry,"Note: ""purple""",solanaceaesource.org,,OLD WORLD
Solanum_elachophyllum,Fleshy,,Berry,"Note: ""pale green with dark green streaks, turning yellow""",solanaceaesource.org,,OLD WORLD
Solanum_jucundum,Fleshy,,Berry,"Note:  ""yellowish-green or pale green with dark green streaks""",solanaceaesource.org,,OLD WORLD
Solanum_tetrathecum,Fleshy,,Berry,"Note: ""yellowish-green or pale green with dark green streaks""",solanaceaesource.org,,OLD WORLD
Solanum_nummularium,Fleshy,,Berry,Note: probably mammal or bird dispersed,Symon (1979),,OLD WORLD
Solanum_orbiculatum,Fleshy,,Berry,Note: probably mammal or bird dispersed,Symon (1979),,OLD WORLD
Solanum_oligacanthum,doubtful,,Berry,Note: fruit is dry,Symon (1979),,OLD WORLD
Solanum_hoplopetalum,Fleshy,,Berry,Note: probably lizard dispersed,Symon (1979),,OLD WORLD
Solanum_hystrix,Fleshy,,Berry,Note: probably lizard dispersed,Symon (1979),,OLD WORLD
Solanum_asymmetriphyllum,Dry,,Berry,"Note: ""trample burr""",Martine et al. (2019),Dioicum group or related,OLD WORLD
Solanum_sejunctum,Dry,,Berry,"Note: ""trample burr""",Martine et al. (2019),Dioicum group or related,OLD WORLD
Solanum_chippendalei,Dry,,Berry,"Note: ""yellowish-green or green to pale yellow when ripe""; ""ingested (shaker)""; ""mechanical dispersal witnessed""",Martine et al. (2019),Dioicum group or related,OLD WORLD
Solanum_diversiflorum,Fleshy,,Berry,"Note: ""ingested""",Martine et al. (2019),Dioicum group or related,OLD WORLD
Solanum_phlomoides,Fleshy,,Berry,"Note: ""ingested""",Martine et al. (2019),Dioicum group or related,OLD WORLD
Solanum_beaugleholei,Fleshy,,Berry,"Note: ""ingested""",Martine et al. (2019),Dioicum group or related,OLD WORLD
Solanum_clarkiae,Fleshy,,Berry,"Note: ""ingested""",Martine et al. (2019),Dioicum group or related,OLD WORLD
Solanum_melanospermum,Fleshy,,Berry,"Note: ""ingested"" (tumbleweed)",Martine et al. (2019),Dioicum group or related,OLD WORLD
Solanum_heteropodium,Dry,,Berry,Note: fruit fracturing; trample burr (shaker),Martine et al. (2019),Dioicum group or related,OLD WORLD
Solanum_oedipus,Dry,,Berry,Note: fruit fracturing; trample burr (shaker),Martine et al. (2019),Dioicum group or related,OLD WORLD
Solanum_cataphractum,Dry,,Berry,"Note: ""trample burr""",Martine et al. (2019),Dioicum group or related,OLD WORLD
Solanum_petraeum,Dry,,Berry,"Note: ""trample burr""",Martine et al. (2019),Dioicum group or related,OLD WORLD
Solanum_tudununggae,Dry,,Berry,"Note: ""censer-like""; trample burr (censer/shaker)",Martine et al. (2019),Dioicum group or related,OLD WORLD
Solanum_vansittartense,Dry,,Berry,"Note: ""trample burr""",Martine et al. (2019),Dioicum group or related,OLD WORLD
Solanum_leopoldense,Dry,,Berry,"Note: ""trample burr"" (occasional ingestion)",Martine et al. (2019),Dioicum group or related,OLD WORLD
Solanum_carduiforme,Dry,,Berry,"Note: ""trample burr"" (sheet flow)",Martine et al. (2019),Dioicum group or related,OLD WORLD
Solanum_cunninghamii,Dry,,Berry,"Note: ""trample burr""",Martine et al. (2019),Dioicum group or related,OLD WORLD
Solanum_dioicum,Dry,,Berry,"Note: ""trample burr"" (ingested)",Martine et al. (2019),Dioicum group or related,OLD WORLD
Solanum_cleistogamum,Fleshy,,Berry,Note: probably lizard dispersed,Symon (1979),Dioicum group or related,OLD WORLD
Solanum_horridum,Fleshy,,Berry,Note: probably lizard dispersed,Symon (1979),Dioicum group or related,OLD WORLD
Solanum_echinatum,Dry,,Berry,"Note: ""trample burr"" (sheet flow)",Martine et al. (2019),Dioicum group or related,OLD WORLD
Solanum_lucani,Dry,,Berry,"Note: ""trample burr""",Martine et al. (2019),Dioicum group or related,OLD WORLD
Solanum_gabrielae,doubtful,,Berry,"Note: Symon (1979) includes this species in the same dispersal category as S. lucani and S. echinatum, which are suggested as ""trample burr"" by Martine et al. (2019)",Symon (1979),,OLD WORLD
Solanum_lasiophyllum,doubtful,,Berry,Note: fruit is dry,Symon (1979),,OLD WORLD
Solanum_coactiliferum,Fleshy,,Berry,Note: probably mammal or bird dispersed,Symon (1979),,OLD WORLD
Solanum_oldfieldii,Fleshy,,Berry,Note: probably mammal or bird dispersed,Symon (1979),,OLD WORLD
Solanum_myoxotrichum,Fleshy,,Berry,Note: no mention of other syndromes besides fleshy berries (of different sizes and colors),Vorontsova et al. (2013); Knapp et al. (2019),African spiny-Solanum,OLD WORLD
Solanum_pyracanthos,Fleshy,,Berry,Note: no mention of other syndromes besides fleshy berries (of different sizes and colors),Vorontsova et al. (2013); Knapp et al. (2019),African spiny-Solanum,OLD WORLD
Solanum_batoides,Fleshy,,Berry,Note: no mention of other syndromes besides fleshy berries (of different sizes and colors),Vorontsova et al. (2013); Knapp et al. (2019),African spiny-Solanum,OLD WORLD
Solanum_mahoriense,Fleshy,,Berry,Note: no mention of other syndromes besides fleshy berries (of different sizes and colors),Vorontsova et al. (2013); Knapp et al. (2019),African spiny-Solanum,OLD WORLD
Solanum_bumeliifolium,Fleshy,,Berry,Note: no mention of other syndromes besides fleshy berries (of different sizes and colors),Vorontsova et al. (2013); Knapp et al. (2019),African spiny-Solanum,OLD WORLD
Solanum_heinianum,Fleshy,,Berry,Note: no mention of other syndromes besides fleshy berries (of different sizes and colors),Vorontsova et al. (2013); Knapp et al. (2019),African spiny-Solanum,OLD WORLD
Solanum_toliaraea,Fleshy,,Berry,Note: no mention of other syndromes besides fleshy berries (of different sizes and colors),Vorontsova et al. (2013); Knapp et al. (2019),African spiny-Solanum,OLD WORLD
Solanum_campylacanthum,Fleshy,,Berry,Note: no mention of other syndromes besides fleshy berries (of different sizes and colors),Vorontsova et al. (2013); Knapp et al. (2019),African spiny-Solanum,OLD WORLD
Solanum_panduriforme,Fleshy,,Berry,Note: no mention of other syndromes besides fleshy berries (of different sizes and colors),Vorontsova et al. (2013); Knapp et al. (2019),African spiny-Solanum,OLD WORLD
Solanum_incanum,Fleshy,,Berry,Note: no mention of other syndromes besides fleshy berries (of different sizes and colors),Vorontsova et al. (2013); Knapp et al. (2019),African spiny-Solanum,OLD WORLD
Solanum_arundo,Fleshy,,Berry,Note: no mention of other syndromes besides fleshy berries (of different sizes and colors),Vorontsova et al. (2013); Knapp et al. (2019),African spiny-Solanum,OLD WORLD
Solanum_cerasiferum,Fleshy,,Berry,Note: no mention of other syndromes besides fleshy berries (of different sizes and colors),Vorontsova et al. (2013); Knapp et al. (2019),African spiny-Solanum,OLD WORLD
Solanum_linnaeanum,doubtful,,Berry,Note: no mention of other syndromes besides fleshy berries (of different sizes and colors); this is species is also mentioned to be poisonous for live-stock,Bean (2004); Vorontsova et al. (2013),African spiny-Solanum,OLD WORLD
Solanum_lichtensteinii,Fleshy,,Berry,Note: no mention of other syndromes besides fleshy berries (of different sizes and colors),Vorontsova et al. (2013); Knapp et al. (2019),African spiny-Solanum,OLD WORLD
Solanum_melongena,Fleshy,,Berry,Note: no mention of other syndromes besides fleshy berries (of different sizes and colors),Vorontsova et al. (2013); Knapp et al. (2019),African spiny-Solanum,OLD WORLD
Solanum_ovigerum,Fleshy,,Berry,Note: no mention of other syndromes besides fleshy berries (of different sizes and colors),Vorontsova et al. (2013); Knapp et al. (2019),African spiny-Solanum,OLD WORLD
Solanum_cumingii,Fleshy,,Berry,Note: no mention of other syndromes besides fleshy berries (of different sizes and colors),Vorontsova et al. (2013); Knapp et al. (2019),African spiny-Solanum,OLD WORLD
Solanum_sessilistellatum,Fleshy,,Berry,Note: no mention of other syndromes besides fleshy berries (of different sizes and colors),Vorontsova et al. (2013); Knapp et al. (2019),African spiny-Solanum,OLD WORLD
Solanum_kurzii,Fleshy,,Berry,Note: no mention of other syndromes besides fleshy berries (of different sizes and colors),Vorontsova et al. (2013); Knapp et al. (2019),African spiny-Solanum,OLD WORLD
Solanum_violaceum,Fleshy,,Berry,Note: no mention of other syndromes besides fleshy berries (of different sizes and colors),Vorontsova et al. (2013); Knapp et al. (2019),African spiny-Solanum,OLD WORLD
Solanum_rigescentoides,Fleshy,,Berry,Note: no mention of other syndromes besides fleshy berries (of different sizes and colors),Vorontsova et al. (2013); Knapp et al. (2019),African spiny-Solanum,OLD WORLD
Solanum_supinum,Fleshy,,Berry,Note: no mention of other syndromes besides fleshy berries (of different sizes and colors),Vorontsova et al. (2013); Knapp et al. (2019),African spiny-Solanum,OLD WORLD
Solanum_nigriviolaceum,Fleshy,,Berry,Note: no mention of other syndromes besides fleshy berries (of different sizes and colors),Vorontsova et al. (2013); Knapp et al. (2019),African spiny-Solanum,OLD WORLD
Solanum_aethiopicum,Fleshy,,Berry,Note: no mention of other syndromes besides fleshy berries (of different sizes and colors),Vorontsova et al. (2013); Knapp et al. (2019),African spiny-Solanum,OLD WORLD
Solanum_anguivi,Fleshy,,Berry,Note: no mention of other syndromes besides fleshy berries (of different sizes and colors),Vorontsova et al. (2013); Knapp et al. (2019),African spiny-Solanum,OLD WORLD
Solanum_cyaneopurpureum,Fleshy,,Berry,Note: no mention of other syndromes besides fleshy berries (of different sizes and colors),Vorontsova et al. (2013); Knapp et al. (2019),African spiny-Solanum,OLD WORLD
Solanum_glabratum,Fleshy,,Berry,Note: no mention of other syndromes besides fleshy berries (of different sizes and colors),Vorontsova et al. (2013); Knapp et al. (2019),African spiny-Solanum,OLD WORLD
Solanum_lamprocarpum,Fleshy,,Berry,Note: no mention of other syndromes besides fleshy berries (of different sizes and colors),Vorontsova et al. (2013); Knapp et al. (2019),African spiny-Solanum,OLD WORLD
Solanum_capense,Fleshy,,Berry,Note: no mention of other syndromes besides fleshy berries (of different sizes and colors),Vorontsova et al. (2013); Knapp et al. (2019),African spiny-Solanum,OLD WORLD
Solanum_tomentosum,Fleshy,,Berry,Note: no mention of other syndromes besides fleshy berries (of different sizes and colors),Vorontsova et al. (2013); Knapp et al. (2019),African spiny-Solanum,OLD WORLD
Solanum_humile,Fleshy,,Berry,Note: no mention of other syndromes besides fleshy berries (of different sizes and colors),Vorontsova et al. (2013); Knapp et al. (2019),African spiny-Solanum,OLD WORLD
Solanum_lidii,Fleshy,,Berry,Note: no mention of other syndromes besides fleshy berries (of different sizes and colors),Vorontsova et al. (2013); Knapp et al. (2019),African spiny-Solanum,OLD WORLD
Solanum_vespertilio,Fleshy,,Berry,Note: no mention of other syndromes besides fleshy berries (of different sizes and colors),Vorontsova et al. (2013); Knapp et al. (2019),African spiny-Solanum,OLD WORLD
Solanum_dasyphyllum,Fleshy,,Berry,Note: no mention of other syndromes besides fleshy berries (of different sizes and colors),Vorontsova et al. (2013); Knapp et al. (2019),African spiny-Solanum,OLD WORLD
Solanum_macrocarpon,Fleshy,,Berry,Note: no mention of other syndromes besides fleshy berries (of different sizes and colors),Vorontsova et al. (2013); Knapp et al. (2019),African spiny-Solanum,OLD WORLD
Solanum_giganteum,Fleshy,,Berry,Note: no mention of other syndromes besides fleshy berries (of different sizes and colors),Vorontsova et al. (2013); Knapp et al. (2019),African spiny-Solanum,OLD WORLD
Solanum_kwebense,Fleshy,,Berry,Note: no mention of other syndromes besides fleshy berries (of different sizes and colors),Vorontsova et al. (2013); Knapp et al. (2019),African spiny-Solanum,OLD WORLD
Solanum_goetzei,Fleshy,,Berry,Note: no mention of other syndromes besides fleshy berries (of different sizes and colors),Vorontsova et al. (2013); Knapp et al. (2019),African spiny-Solanum,OLD WORLD
Solanum_schimperianum,Fleshy,,Berry,Note: no mention of other syndromes besides fleshy berries (of different sizes and colors),Vorontsova et al. (2013); Knapp et al. (2019),African spiny-Solanum,OLD WORLD
Solanum_marginatum,Fleshy,,Berry,Note: no mention of other syndromes besides fleshy berries (of different sizes and colors),Vorontsova et al. (2013); Knapp et al. (2019),African spiny-Solanum,OLD WORLD
Solanum_aculeastrum,Fleshy,,Berry,Note: no mention of other syndromes besides fleshy berries (of different sizes and colors),Vorontsova et al. (2013); Knapp et al. (2019),African spiny-Solanum,
Solanum_thruppii,no_info,,Berry,,,,
Solanum_elaeagnifolium,Dry,,Berry,Note: dry berries ,Knapp et al. (2017),Elaeagniifolium group ,
Solanum_mortonii,Dry,,Berry,Note: dry berries ,Knapp et al. (2017),Elaeagniifolium group ,
Solanum_hindsianum,Dry,,Berry,Note: dry berries ,Knapp et al. (2017),Elaeagniifolium group ,
Solanum_tridynamum,Dry,,Berry,Note: capsule like berries,,Elaeagniifolium group ,
Solanum_hieronymi,Fleshy,,Berry,"Note: ""yellow at maturity""",solanaceaesource.org,,
Solanum_lanceolatum,Fleshy,,Berry,"Note: ""medium-sized leathery berries with mucilaginous pulp""",Stern et al. (2011),Torva group,
Solanum_rudepannum,Fleshy,,Berry,"Note: ""green at maturity""",Smith and Knapp (2002); Stern et al. (2011),Torva group,
Solanum_torvum,Fleshy,,Berry,"Note: ""medium-sized leathery berries with mucilaginous pulp""",Stern et al. (2011),Torva group,
Solanum_chrysotrichum,Fleshy,,Berry,"Note: ""medium-sized leathery berries with mucilaginous pulp""",Stern et al. (2011),Torva group,
Solanum_pluviale,Fleshy,,Berry,"Note: ""medium-sized leathery berries with mucilaginous pulp""",Stern et al. (2011),Torva group,
Solanum_acutilobum,Fleshy,,Berry,"Note: ""medium-sized leathery berries with mucilaginous pulp""",Stern et al. (2011),Torva group,
Solanum_caricifolium,Fleshy,,Berry,"Note: ""medium-sized leathery berries with mucilaginous pulp""",Stern et al. (2011),Torva group,
Solanum_bolivianum,Fleshy,,Berry,"Note: ""medium-sized leathery berries with mucilaginous pulp""",Stern et al. (2011),Torva group,
Solanum_ursinum,Fleshy,,Berry,"Note: ""medium-sized leathery berries with mucilaginous pulp""",Stern et al. (2011),Torva group,
Solanum_albidum,Fleshy,,Berry,"Note: ""medium-sized leathery berries with mucilaginous pulp""",Stern et al. (2011),Torva group,
Solanum_whalenii,Fleshy,,Berry,"Note: ""globose berry; dark green""; ""medium-sized leathery berries with mucilaginous pulp""",Nee et al. (2006); Stern et al. (2011),Torva group,
Solanum_comarapanum,Fleshy,,Berry,"Note: ""globose berry""; ""medium-sized leathery berries with mucilaginous pulp""",Nee et al. (2006); Stern et al. (2011),Torva group,
Solanum_asperolanatum,Fleshy,,Berry,"Note: ""medium-sized leathery berries with mucilaginous pulp""",Stern et al. (2011),Torva group,
Solanum_stellativelutinum,Fleshy,,Berry,"Note: ""medium-sized leathery berries with mucilaginous pulp""",Stern et al. (2011),Torva group,
Solanum_asteropilodes,Fleshy,,Berry,"Note: ""medium-sized leathery berries with mucilaginous pulp""",Stern et al. (2011),Torva group,
Solanum_crinitipes,Fleshy,,Berry,"Note: ""medium-sized leathery berries with mucilaginous pulp""",Stern et al. (2011),Torva group,
Solanum_hayesii,Fleshy,,Berry,"Note: ""medium-sized leathery berries with mucilaginous pulp""",Stern et al. (2011),Torva group,
Solanum_bonariense,Fleshy,,Berry,"Note: ""medium-sized leathery berries with mucilaginous pulp""",Stern et al. (2011),Torva group,
Solanum_poinsettiifolium,Fleshy,,Berry,"Note: ""medium-sized leathery berries with mucilaginous pulp""",Stern et al. (2011),Torva group,
Solanum_subinerme,Fleshy,,Berry,"Note: ""medium-sized leathery berries with mucilaginous pulp""",Stern et al. (2011),Torva group,
Solanum_paniculatum,Fleshy,,Berry,"Note: ""medium-sized leathery berries with mucilaginous pulp""",Stern et al. (2011),Torva group,
Solanum_glutinosum,Fleshy,,Berry,"Note: ""medium-sized leathery berries with mucilaginous pulp""",Stern et al. (2011),Torva group,
Solanum_donianum,Fleshy,,Berry,"Note: ""medium-sized leathery berries with mucilaginous pulp""",Stern et al. (2011),Torva group,
Solanum_crotonoides,Fleshy,,Berry,"Note: ""The fruits of sect. Micracantha are fleshy berries""",Stern and Bohs (2016),,
Solanum_multispinum,Fleshy,,Berry,"Note: ""The fruits of sect. Micracantha are fleshy berries""",Stern and Bohs (2016),,
Solanum_arachnidanthum,Fleshy,,Berry,"Note: ""The fruits of sect. Micracantha are fleshy berries""",Stern and Bohs (2016),Micracantha,
Solanum_tampicense,Fleshy,,Berry,"Note: ""The fruits of sect. Micracantha are fleshy berries""",Stern and Bohs (2016),Micracantha,
Solanum_monachophyllum,Fleshy,,Berry,"Note: ""The fruits of sect. Micracantha are fleshy berries""",Stern and Bohs (2016),Micracantha,
Solanum_pedemontanum,Fleshy,,Berry,"Note: ""The fruits of sect. Micracantha are fleshy berries""; ""globose berry, orange or red""",Nee et al. (2006); Stern and Bohs (2016),Micracantha,
Solanum_adhaerens,Fleshy,,Berry,"Note: ""The fruits of sect. Micracantha are fleshy berries""",Stern and Bohs (2016),Micracantha,
Solanum_aturense,Fleshy,,Berry,"Note: ""The fruits of sect. Micracantha are fleshy berries""",Stern and Bohs (2016),Micracantha,
Solanum_jamaicense,Fleshy,,Berry,"Note: ""The fruits of sect. Micracantha are fleshy berries""",Stern and Bohs (2016),Micracantha,
Solanum_lanceifolium,Fleshy,bird,Berry,"Note: ""bright red at maturity""",Smith and Knapp (2002),Micracantha,
Solanum_conditum,Fleshy,,Berry,"Note: ""green to yellow fruits""","Wahlert et al., (2014)",Asterophorum,
Solanum_juvenale,Fleshy,,Berry,"Note: ""green to yellow fruits""","Wahlert et al., (2014)",Asterophorum,
Solanum_comptum,Fleshy,,Berry,"Note: ""green to yellow fruits""","Wahlert et al., (2014)",Asterophorum,
Solanum_moxosense,Fleshy,,Berry,"Note: ""oblong-ovoid berry; color when ripe unknown""; ""green to yellow fruits""","Nee et al. (2006); Wahlert et al., (2014)",Asterophorum,
Solanum_carolinense,Fleshy,,Berry,"Note: ""round, yellow berries""",Travers et al. (2004),Asterophorum,
Solanum_asterophorum,Fleshy,,Berry,"Note: ""spherical berry; green, pale yellow or white""",Gouvea and Stehmann (2019),,
Solanum_bahamense,Fleshy,,Berry,"Note: ""berry bright red""",Strickland-Constable et al. (2010),,
Solanum_drymophilum,Fleshy,,Berry,"Note: ""a black berry""",Tropicos (from protologue),,
Solanum_citrullifolium,Dry,,Berry,Note: dry berries ; D'arcy (1974) suggest also mammal dispersal,D'Arcy (1974); Stern et al. (2014),Solanum sect. Androceras,
Solanum_davisense,Dry,,Berry,Note: dry berries ; D'arcy (1974) suggest also mammal dispersal,D'Arcy (1974); Stern et al. (2014),Solanum sect. Androceras,
Solanum_heterodoxum,Dry,,Berry,Note: dry berries ; D'arcy (1974) suggest also mammal dispersal,D'Arcy (1974); Stern et al. (2014),Solanum sect. Androceras,
Solanum_tribulosum,Dry,,Berry,Note: dry berries ; D'arcy (1974) suggest also mammal dispersal,D'Arcy (1974); Stern et al. (2014),Solanum sect. Androceras,
Solanum_fructotecto,Dry,,Berry,Note: dry berries ; D'arcy (1974) suggest also mammal dispersal,D'Arcy (1974); Stern et al. (2014),Solanum sect. Androceras,
Solanum_rostratum,Dry,,Berry,Note: dry berries ; D'arcy (1974) suggest also mammal dispersal,D'Arcy (1974); Stern et al. (2014),Solanum sect. Androceras,
Solanum_angustifolium,Dry,,Berry,Note: dry berries ; D'arcy (1974) suggest also mammal dispersal,D'Arcy (1974); Stern et al. (2014),Solanum sect. Androceras,
Solanum_grayi,Dry,,Berry,Note: dry berries ; D'arcy (1974) suggest also mammal dispersal,D'Arcy (1974); Stern et al. (2014),Solanum sect. Androceras,
Solanum_lumholtzianum,Dry,,Berry,Note: dry berries ; D'arcy (1974) suggest also mammal dispersal,D'Arcy (1974); Stern et al. (2014),Solanum sect. Androceras,
Solanum_johnstonii,Dry,,Berry,Note: dry berries ; D'arcy (1974) suggest also mammal dispersal,D'Arcy (1974); Stern et al. (2014),Solanum sect. Androceras,
Solanum_tenuipes,Dry,,Berry,Note: dry berries ; D'arcy (1974) suggest also mammal dispersal,D'Arcy (1974); Stern et al. (2014),Solanum sect. Androceras,
Solanum_urticans,Fleshy,mammal,Berry,"Note: ""fruits are some of the largest known in the genus""",Farruggia and Bohs (2010),Crinitum,
Solanum_wrightii,Fleshy,mammal,Berry,"Note: ""fruits are some of the largest known in the genus""",Farruggia and Bohs (2010),Crinitum,
Solanum_crinitum,Fleshy,mammal,Berry,"Note: ""fruits are some of the largest known in the genus""",Farruggia and Bohs (2010),Crinitum,
Solanum_coriaceum,Fleshy,mammal,Berry,"Note: ""fruits are some of the largest known in the genus""",Farruggia and Bohs (2010),Crinitum,
Solanum_sendtnerianum,Fleshy,mammal,Berry,"Note: ""fruits are some of the largest known in the genus""",Farruggia and Bohs (2010),Crinitum,
Solanum_lycocarpum,Fleshy,mammal,Berry,"Note: ""fruits are some of the largest known in the genus""",Farruggia and Bohs (2010),Crinitum,
Solanum_mitlense,Fleshy,mammal,Berry,"Note: ""fruits are some of the largest known in the genus""",Farruggia and Bohs (2010),Crinitum,
Solanum_hasslerianum,Fleshy,mammal,Berry,"Note: ""fruits are some of the largest known in the genus""",Farruggia and Bohs (2010),Crinitum,
Solanum_sisymbriifolium,Fleshy,,Berry,Note: cultivated for its fruits,gobotany.nativeplanttrust.org,Sisymbriifolium,
Solanum_pseudolulo,Fleshy,,Berry,Note: presumably fleshy,Miller and Diggle (2007),Lasiocarpa,
Solanum_vestissimum,Fleshy,,Berry,Note: presumably fleshy,Miller and Diggle (2007),Lasiocarpa,
Solanum_hyporhodium,Fleshy,,Berry,Note: presumably fleshy,Miller and Diggle (2007),Lasiocarpa,
Solanum_pectinatum,Fleshy,,Berry,Note: presumably fleshy,Miller and Diggle (2007),Lasiocarpa,
Solanum_hirtum,Fleshy,,Berry,Note: presumably fleshy,Miller and Diggle (2007),Lasiocarpa,
Solanum_stramoniifolium,Fleshy,,Berry,Note: presumably fleshy,Miller and Diggle (2007),Lasiocarpa,
Solanum_lasiocarpum,Fleshy,,Berry,Note: presumably fleshy,Miller and Diggle (2007),Lasiocarpa,
Solanum_repandum,Fleshy,,Berry,Note: presumably fleshy,Miller and Diggle (2007),Lasiocarpa,
Solanum_candidum,Fleshy,,Berry,Note: presumably fleshy,Miller and Diggle (2007),Lasiocarpa,
Solanum_felinum,Fleshy,,Berry,Note: presumably fleshy,Miller and Diggle (2007),Lasiocarpa,
Solanum_quitoense,Fleshy,,Berry,Note: presumably fleshy,Miller and Diggle (2007),Lasiocarpa,
Solanum_sessiliflorum,Fleshy,,Berry,Note: presumably fleshy,Miller and Diggle (2007),Lasiocarpa,
Solanum_atropurpureum,Fleshy,,Berry,Note: presumably fleshy,Miller and Diggle (2007),Acanthophora,
Solanum_tenuispinum,Fleshy,,Berry,Note: presumably fleshy,Miller and Diggle (2007),Acanthophora,
Solanum_acerifolium,Fleshy,,Berry,Note: presumably fleshy,Miller and Diggle (2007),Acanthophora,
Solanum_capsicoides,Fleshy,,Berry,Note: presumably fleshy,Miller and Diggle (2007),Acanthophora,
Solanum_aculeatissimum,Fleshy,,Berry,Note: presumably fleshy,Miller and Diggle (2007),Acanthophora,
Solanum_viarum,Fleshy,,Berry,Note: presumably fleshy,Miller and Diggle (2007),Acanthophora,
Solanum_myriacanthum,Fleshy,,Berry,Note: presumably fleshy,Miller and Diggle (2007),Acanthophora,
Solanum_incarceratum,Fleshy,,Berry,Note: presumably fleshy,Miller and Diggle (2007),Acanthophora,
Solanum_platense,Fleshy,,Berry,Note: presumably fleshy,Miller and Diggle (2007),Acanthophora,
Solanum_mammosum,Fleshy,,Berry,Note: presumably fleshy,Miller and Diggle (2007),Acanthophora,
Solanum_palinacanthum,Fleshy,,Berry,Note: presumably fleshy,Miller and Diggle (2007),Acanthophora,
Solanum_decompositiflorum,Fleshy,,Berry,"Note: ""mucilaginous berry, maturing yellow""",solanaceaesource.org,Erythrotrichum,
Solanum_rhytidoandrum,Fleshy,,Berry,"Note: ""pericarp glandular-viscous""",solanaceaesource.org,Erythrotrichum,
Solanum_accrescens,Fleshy,,Berry,"Note: ""green or yellow when ripe""",solanaceaesource.org,Erythrotrichum,
Solanum_absconditum,Fleshy,,Berry,"Note: ""mucilaginous berry, with leathery epicarp""",solanaceaesource.org,Erythrotrichum,
Solanum_paludosum,Fleshy,,Berry,"Note: ""green or yellowish brown when ripe""",solanaceaesource.org,Erythrotrichum,
Solanum_reflexiflorum,no_info,,Berry,,,Erythrotrichum,
Solanum_jabrense,Fleshy,,Berry,"Note: ""green, pericarp leathery""",solanaceaesource.org,Erythrotrichum,
Solanum_megalonyx,Fleshy,,Berry,"Note: ""orange or brownish green at maturity""",solanaceaesource.org,Erythrotrichum,
Solanum_hexandrum,no_info,,Berry,,,Erythrotrichum,
Solanum_stagnale,doubtful,,Berry,"Note: ""Essentially nothing is known of the properties of the fruit or of other characteristics that may be of value in breeding programs""",solanaceaesource.org,Erythrotrichum,
Solanum_robustum,Fleshy,,Berry,"Note: ""green when mature""",solanaceaesource.org,Erythrotrichum,
Solanum_buddleifolium,no_info,,Berry,,,Thomasiifolium,
Solanum_thomasiifolium,Fleshy,,Berry,Note: dispersed by several frugivorous guilds,Vasconcellos-Neto et al. (2009),Thomasiifolium,
Solanum_paraibanum,Fleshy,,Berry,"Note: ""orange to red when mature""",solanaceaesource.org,Thomasiifolium,
Solanum_rupincola,Fleshy,,Berry,Note: apparently a brown berry at maturity,solanaceaesource.org,Thomasiifolium,
Solanum_microphyllum,Fleshy,,Berry,"Note: ""red:",solanaceaesource.org,Gardneri,
Solanum_tetramerum,Fleshy,,Berry,"Note: ""bright red and juicy when ripe""",solanaceaesource.org,Gardneri,
Solanum_schomburgkii,no_info,,Berry,,,Gardneri,
Solanum_gardneri,Fleshy,,Berry,"Note: ""yellow to yellow green""",solanaceaesource.org,Gardneri,
Solanum_polytrichum,no_info,,Berry,,,Gardneri,
Solanum_stenandrum,Fleshy,,Berry,"Note: ""red or yellow-orange""",solanaceaesource.org,Gardneri,
Solanum_agrarium,Fleshy,,Berry,"Note: ""young fruits mottled green, the insolated side becoming purple""",solanaceaesource.org,Gardneri,
Solanum_talarense,no_info,,Berry,,,Gardneri,
Solanum_hoehnei,no_info,,Berry,,,Nemorense,
Solanum_reptans,no_info,,Berry,,,Nemorense,
Solanum_nemorense,Fleshy,,Berry,"Note: ""orange or yellow when ripe""",solanaceaesource.org,Nemorense,
Solanum_bicorne,Fleshy,,Berry,"Note: ""red or orange""",solanaceaesource.org,Allophyllum & Wendlandii,
Solanum_refractum,Fleshy,,Berry,"Note: ""light green""",solanaceaesource.org,Allophyllum & Wendlandii,
Solanum_wendlandii,Fleshy,,Berry,"Note: ""green with green to white pulp""",solanaceaesource.org,Allophyllum & Wendlandii,
Solanum_allophyllum,Fleshy,,Berry,"Note: ""hite or light yellow to orange, often with dark green or purple longitudinal stripes""",solanaceaesource.org,Allophyllum & Wendlandii,
Solanum_aphyodendron,Fleshy,,Berry,"Note: ""all Geminata clade are fleshy berries, green at maturity""; sometimes also red, orange or purple",Knapp (2008),Geminata,
Solanum_diphyllum,Fleshy,,Berry,"Note: ""all Geminata clade are fleshy berries, green at maturity""; sometimes also red, orange or purple",Knapp (2008),Geminata,
Solanum_ochrophyllum,Fleshy,,Berry,"Note: ""all Geminata clade are fleshy berries, green at maturity""; sometimes also red, orange or purple",Knapp (2008),Geminata,
Solanum_arboreum,Fleshy,,Berry,"Note: ""all Geminata clade are fleshy berries, green at maturity""; sometimes also red, orange or purple",Knapp (2008),Geminata,
Solanum_capsicastrum,Fleshy,,Berry,"Note: ""all Geminata clade are fleshy berries, green at maturity""; sometimes also red, orange or purple",Knapp (2008),Geminata,
Solanum_rovirosanum,Fleshy,,Berry,"Note: ""all Geminata clade are fleshy berries, green at maturity""; sometimes also red, orange or purple",Knapp (2008),Geminata,
Solanum_argentinum,Fleshy,,Berry,"Note: ""all Geminata clade are fleshy berries, green at maturity""; sometimes also red, orange or purple",Knapp (2008),Geminata,
Solanum_pseudocapsicum,Fleshy,,Berry,"Note: ""all Geminata clade are fleshy berries, green at maturity""; sometimes also red, orange or purple",Knapp (2008),Geminata,
Solanum_havanense,Fleshy,,Berry,"Note: ""all Geminata clade are fleshy berries, green at maturity""; sometimes also red, orange or purple",Knapp (2008),Geminata,
Solanum_delitescens,Fleshy,,Berry,"Note: ""green""",solanaceaesource.org,,
Solanum_reductum,Fleshy,,Berry,"Note: ""bright orange to orange-red when ripe""",solanaceaesource.org,,
Solanum_asperum,Fleshy,,Berry,"Note: ""fruits are fleshy, indehicent berries""",Roe (1972); Giacomin and Stehmann (2014),Brevantherum,
Solanum_mauritianum,Fleshy,,Berry,"Note: ""fruits are fleshy, indehicent berries""",Roe (1972); Giacomin and Stehmann (2014),Brevantherum,
Solanum_rugosum,Fleshy,,Berry,"Note: ""fruits are fleshy, indehicent berries""",Roe (1972); Giacomin and Stehmann (2014),Brevantherum,
Solanum_cordovense,Fleshy,,Berry,"Note: ""fruits are fleshy, indehicent berries"";""globose juicy black berry""",Roe (1972); Giacomin and Stehmann (2014); Smith and Knapp (2002),Brevantherum,
Solanum_schlechtendalianum,Fleshy,,Berry,"Note: ""fruits are fleshy, indehicent berries""",Roe (1972); Giacomin and Stehmann (2014),Brevantherum,
Solanum_lepidotum,Fleshy,,Berry,"Note: ""fruits are fleshy, indehicent berries""",Roe (1972); Giacomin and Stehmann (2014),Brevantherum,
Solanum_abutiloides,Fleshy,,Berry,"Note: ""fruits are fleshy, indehicent berries""",Roe (1972); Giacomin and Stehmann (2014),Brevantherum,
Solanum_inelegans,Fleshy,,Berry,"Note: ""fruits are fleshy, indehicent berries""",Roe (1972); Giacomin and Stehmann (2014),Brevantherum,
Solanum_adscendens,Dry,,Berry,"Note: ""fruits with explosive dehiscence when mature""",Stern et al. (2013),Section Gonatotrichum,
Solanum_turneroides,Dry,,Berry,"Note: ""fruits with explosive dehiscence when mature""",Stern et al. (2013),Section Gonatotrichum,
Solanum_circinatum,Fleshy,,Berry,"Note: ""fleshy berries""; ""often yellow to orange when ripe""; ""probably mammal dispersed""",Bohs (1994),Cyphomandra,
Solanum_tenuisetosum,Fleshy,,Berry,"Note: ""fleshy berries""; ""often yellow to orange when ripe""; ""probably mammal dispersed""",Bohs (1994),Cyphomandra,
Solanum_tegore,Fleshy,,Berry,"Note: ""fleshy berries""; ""often yellow to orange when ripe""; ""probably mammal dispersed""",Bohs (1994),Cyphomandra,
Solanum_proteanthum,Fleshy,,Berry,"Note: ""fleshy berries""; ""often yellow to orange when ripe""; ""probably mammal dispersed""",Bohs (1994),Cyphomandra,
Solanum_occultum,Fleshy,,Berry,"Note: ""fleshy berries""; ""often yellow to orange when ripe""; ""probably mammal dispersed""",Bohs (1994),Cyphomandra,
Solanum_sibundoyense,Fleshy,,Berry,"Note: ""fleshy berries""; ""often yellow to orange when ripe""; ""probably mammal dispersed""",Bohs (1994),Cyphomandra,
Solanum_endopogon,Fleshy,,Berry,"Note: ""fleshy berries""; ""often yellow to orange when ripe""; ""probably mammal dispersed""",Bohs (1994),Cyphomandra,
Solanum_cajanumense,Fleshy,,Berry,"Note: ""fleshy berries""; ""often yellow to orange when ripe""; ""probably mammal dispersed""",Bohs (1994),Cyphomandra,
Solanum_fallax,Fleshy,,Berry,"Note: ""fleshy berries""; ""often yellow to orange when ripe""; ""probably mammal dispersed""",Bohs (1994),Cyphomandra,
Solanum_betaceum,Fleshy,,Berry,"Note: ""fleshy berries""; ""often yellow to orange when ripe""; ""probably mammal dispersed""",Bohs (1994),Cyphomandra,
Solanum_unilobum,Fleshy,,Berry,"Note: ""fleshy berries""; ""often yellow to orange when ripe""; ""probably mammal dispersed""",Bohs (1994),Cyphomandra,
Solanum_maternum,Fleshy,,Berry,"Note: ""fleshy berries""; ""often yellow to orange when ripe""; ""probably mammal dispersed""",Bohs (1994),Cyphomandra,
Solanum_roseum,Fleshy,,Berry,"Note: ""fleshy berries""; ""often yellow to orange when ripe""; ""probably mammal dispersed""",Bohs (1994),Cyphomandra,
Solanum_obliquum,Fleshy,,Berry,"Note: ""fleshy berries""; ""often yellow to orange when ripe""; ""probably mammal dispersed""",Bohs (1994),Cyphomandra,
Solanum_pendulum,Fleshy,,Berry,"Note: ""fleshy berries""; ""often yellow to orange when ripe""; ""probably mammal dispersed""",Bohs (1994),Cyphomandra,
Solanum_tobagense,Fleshy,,Berry,"Note: ""fleshy berries""; ""often yellow to orange when ripe""; ""probably mammal dispersed""",Bohs (1994),Cyphomandra,
Solanum_oxyphyllum,Fleshy,,Berry,"Note: ""fleshy berries""; ""often yellow to orange when ripe""; ""probably mammal dispersed""",Bohs (1994),Cyphomandra,
Solanum_confusum,Fleshy,,Berry,"Note: ""fleshy berries""; ""often yellow to orange when ripe""; ""probably mammal dispersed""",Bohs (1994),Cyphomandra,
Solanum_hibernum,Fleshy,,Berry,"Note: ""fleshy berries""; ""often yellow to orange when ripe""; ""probably mammal dispersed""",Bohs (1994),Cyphomandra,
Solanum_luteoalbum,Fleshy,,Berry,"Note: ""fleshy berries""; ""often yellow to orange when ripe""; ""probably mammal dispersed""",Bohs (1994),Cyphomandra,
Solanum_stuckertii,Fleshy,,Berry,"Note: ""fleshy berries""; ""often yellow to orange when ripe""; ""probably mammal dispersed""",Bohs (1994),Cyphomandra,
Solanum_fusiforme,Fleshy,,Berry,"Note: ""fleshy berries""; ""often yellow to orange when ripe""; ""probably mammal dispersed""",Bohs (1994),Cyphomandra,
Solanum_melissarum,Fleshy,,Berry,"Note: ""fleshy berries""; ""often yellow to orange when ripe""; ""probably mammal dispersed""",Bohs (1994),Cyphomandra,
Solanum_cylindricum,Fleshy,,Berry,"Note: ""fleshy berries""; ""often yellow to orange when ripe""; ""probably mammal dispersed""",Bohs (1994),Cyphomandra,
Solanum_glaucophyllum,Fleshy,,Berry,"Note: ""fleshy berries""; ""often yellow to orange when ripe""; ""probably mammal dispersed""",Bohs (1994),Cyphomandra,
Solanum_cacosmum,Fleshy,,Berry,"Note: ""fleshy berries""; ""often yellow to orange when ripe""; ""probably mammal dispersed""",Bohs (1994),Cyphomandra,
Solanum_exiguum,Fleshy,,Berry,"Note: ""fleshy berries""; ""often yellow to orange when ripe""; ""probably mammal dispersed""",Bohs (1994),Cyphomandra,
Solanum_latiflorum,Fleshy,,Berry,"Note: ""fleshy berries""; ""often yellow to orange when ripe""; ""probably mammal dispersed""",Bohs (1994),Cyphomandra,
Solanum_pinetorum,Fleshy,,Berry,"Note: ""fleshy berries""; ""often yellow to orange when ripe""; ""probably mammal dispersed""",Bohs (1994),Cyphomandra,
Solanum_sciadostylis,Fleshy,,Berry,"Note: ""fleshy berries""; ""often yellow to orange when ripe""; ""probably mammal dispersed""",Bohs (1994),Cyphomandra,
Solanum_diploconos,Fleshy,,Berry,"Note: ""fleshy berries""; ""often yellow to orange when ripe""; ""probably mammal dispersed""",Bohs (1994),Cyphomandra,
Solanum_clandestinum,Fleshy,,Berry,"Note: ""globose berry, orange when ripe""",Nee et al. (2006),,
Solanum_mapiriense,Fleshy,,Berry,,Bohs (1990),,
Solanum_guerreroense,Fleshy,,Berry,"Note: ""leathery or fleshy berry""",solanaceaesource.org,,
Solanum_hougasii,Fleshy,,Berry,"Note: ""leathery or fleshy berry""",solanaceaesource.org,,
Solanum_verrucosum,Fleshy,,Berry,"Note: ""leathery or fleshy berry""",solanaceaesource.org,,
Solanum_hjertingii,Fleshy,,Berry,"Note: ""leathery or fleshy berry""",solanaceaesource.org,,
Solanum_okadae,Fleshy,,Berry,"Note: ""leathery or fleshy berry""",solanaceaesource.org,,
Solanum_stoloniferum,Fleshy,,Berry,"Note: ""leathery or fleshy berry""",solanaceaesource.org,,
Solanum_sparsipilum,no_info,,Berry,,,,
Solanum_leptophyes,no_info,,Berry,,,,
Solanum_oplocense,no_info,,Berry,,,,
Solanum_infundibuliforme,Fleshy,,Berry,"Note: ""leathery or fleshy berry""",solanaceaesource.org,,
Solanum_avilesii,no_info,,Berry,,,,
Solanum_berthaultii,Fleshy,,Berry,"Note: ""leathery or fleshy berry""",solanaceaesource.org,,
Solanum_tarijense,no_info,,Berry,,,,
Solanum_arnezii,no_info,,Berry,,,,
Solanum_yungasense,no_info,,Berry,,,,
Solanum_chacoense,Fleshy,,Berry,"Note: ""leathery or fleshy berry""",solanaceaesource.org,,
Solanum_kurtzianum,Fleshy,,Berry,"Note: ""leathery or fleshy berry""",solanaceaesource.org,,
Solanum_spegazzinii,no_info,,Berry,,,,
Solanum_alandiae,no_info,,Berry,,,,
Solanum_demissum,Fleshy,,Berry,"Note: ""leathery or fleshy berry""",solanaceaesource.org,,
Solanum_brevicaule,Fleshy,,Berry,"Note: ""leathery or fleshy berry""",solanaceaesource.org,,
Solanum_microdontum,Fleshy,,Berry,"Note: ""leathery or fleshy berry""",solanaceaesource.org,,
Solanum_bukasovii,no_info,,Berry,,,,
Solanum_pampasense,no_info,,Berry,,,,
Solanum_candolleanum,Fleshy,,Berry,"Note: ""leathery or fleshy berry""",solanaceaesource.org,,
Solanum_marinasense,no_info,,Berry,,,,
Solanum_sucrense,no_info,,Berry,,,,
Solanum_tuberosum,Fleshy,,Berry,"Note: ""leathery or fleshy berry""",solanaceaesource.org,,
Solanum_ugentii,no_info,,Berry,,,,
Solanum_vernei,Fleshy,,Berry,"Note: ""leathery or fleshy berry""",solanaceaesource.org,,
Solanum_circaeifolium,no_info,,Berry,,,,
Solanum_maglia,Fleshy,,Berry,"Note: ""leathery or fleshy berry""",solanaceaesource.org,,
Solanum_santolallae,no_info,,Berry,,,,
Solanum_laxissimum,Fleshy,,Berry,"Note: ""leathery or fleshy berry""",solanaceaesource.org,,
Solanum_achacachense,no_info,,Berry,,,,
Solanum_lignicaule,Fleshy,,Berry,"Note: ""leathery or fleshy berry""",solanaceaesource.org,,
Solanum_raphanifolium,Fleshy,,Berry,"Note: ""leathery or fleshy berry""",solanaceaesource.org,,
Solanum_colombianum,Fleshy,,Berry,"Note: ""leathery or fleshy berry""",solanaceaesource.org,,
Solanum_subpanduratum,no_info,,Berry,,,,
Solanum_tundalomense,no_info,,Berry,,,,
Solanum_agrimonifolium,Fleshy,,Berry,"Note: ""leathery or fleshy berry""",solanaceaesource.org,,
Solanum_oxycarpum,Fleshy,,Berry,"Note: ""leathery or fleshy berry""",solanaceaesource.org,,
Solanum_longiconicum,Fleshy,,Berry,"Note: ""leathery or fleshy berry""",solanaceaesource.org,,
Solanum_acaule,Fleshy,,Berry,"Note: ""leathery or fleshy berry""",solanaceaesource.org,,
Solanum_megistacrolobum,no_info,,Berry,,,,
Solanum_albicans,Fleshy,,Berry,"Note: ""leathery or fleshy berry""",solanaceaesource.org,,
Solanum_iopetalum,Fleshy,,Berry,"Note: ""leathery or fleshy berry""",solanaceaesource.org,,
Solanum_violaceimarmoratum,Fleshy,,Berry,"Note: ""leathery or fleshy berry""",solanaceaesource.org,,
Solanum_doddsii,Fleshy,,Berry,"Note: ""leathery or fleshy berry""",solanaceaesource.org,,
Solanum_stenophyllidium,Fleshy,,Berry,"Note: ""leathery or fleshy berry""",solanaceaesource.org,,
Solanum_incamayoense,no_info,,Berry,,,,
Solanum_schenckii,Fleshy,,Berry,"Note: ""leathery or fleshy berry""",solanaceaesource.org,,
Solanum_andreanum,Fleshy,,Berry,"Note: ""leathery or fleshy berry""",solanaceaesource.org,,
Solanum_acroscopicum,Fleshy,,Berry,"Note: ""leathery or fleshy berry""",solanaceaesource.org,,
Solanum_multiinterruptum,Fleshy,,Berry,"Note: ""leathery or fleshy berry""",solanaceaesource.org,,
Solanum_moscopanum,no_info,,Berry,,,,
Solanum_piurae,Fleshy,,Berry,"Note: ""leathery or fleshy berry""",solanaceaesource.org,,
Solanum_immite,Fleshy,,Berry,"Note: ""leathery or fleshy berry""",solanaceaesource.org,,
Solanum_pascoense,no_info,,Berry,,,,
Solanum_pinnatisectum,Fleshy,,Berry,"Note: ""leathery or fleshy berry""",solanaceaesource.org,,
Solanum_chomatophilum,no_info,,Berry,,,,
Solanum_scabrifolium,Fleshy,,Berry,"Note: ""leathery or fleshy berry""",solanaceaesource.org,,
Solanum_cardiophyllum,Fleshy,,Berry,"Note: ""leathery or fleshy berry""",solanaceaesource.org,,
Solanum_ehrenbergii,Fleshy,,Berry,"Note: ""leathery or fleshy berry""",solanaceaesource.org,,
Solanum_polyadenium,Fleshy,,Berry,"Note: ""leathery or fleshy berry""",solanaceaesource.org,,
Solanum_clarum,Fleshy,,Berry,"Note: ""leathery or fleshy berry""",solanaceaesource.org,,
Solanum_morelliforme,Fleshy,,Berry,"Note: ""leathery or fleshy berry""",solanaceaesource.org,,
Solanum_bulbocastanum,Fleshy,,Berry,"Note: ""leathery or fleshy berry""",solanaceaesource.org,,
Solanum_jamesii,Fleshy,,Berry,"Note: ""leathery or fleshy berry""",solanaceaesource.org,,
Solanum_cheesmaniae,Fleshy,,Berry,"Note: ""leathery or fleshy berry""",solanaceaesource.org,,
Solanum_pimpinellifolium,Fleshy,,Berry,"Note: ""leathery or fleshy berry""",solanaceaesource.org,,
Solanum_lycopersicum,Fleshy,,Berry,"Note: ""leathery or fleshy berry""",solanaceaesource.org,,
Solanum_galapagense,Fleshy,,Berry,"Note: ""leathery or fleshy berry""",solanaceaesource.org,,
Solanum_chmielewskii,Fleshy,,Berry,"Note: ""leathery or fleshy berry""",solanaceaesource.org,,
Solanum_pennellii,Fleshy,,Berry,"Note: ""leathery or fleshy berry""",solanaceaesource.org,,
Solanum_chilense,Fleshy,,Berry,"Note: ""leathery or fleshy berry""",solanaceaesource.org,,
Solanum_peruvianum,Fleshy,,Berry,"Note: ""leathery or fleshy berry""",solanaceaesource.org,,
Solanum_habrochaites,Fleshy,,Berry,"Note: ""leathery or fleshy berry""",solanaceaesource.org,,
Solanum_neorickii,Fleshy,,Berry,"Note: ""leathery or fleshy berry""",solanaceaesource.org,,
Solanum_juglandifolium,no_info,,Berry,,,,
Solanum_ochranthum,Fleshy,,Berry,,,,
Solanum_lycopersicoides,Fleshy,,Berry,"Note: ""leathery or fleshy berry""",solanaceaesource.org,,
Solanum_sitiens,Dry,,Berry,"Note: ""Dry berry""",solanaceaesource.org,Peralta ,
Solanum_etuberosum,Fleshy,,Berry,"Note: ""leathery or fleshy berry""",solanaceaesource.org,,
Solanum_palustre,Fleshy,,Berry,"Note: ""leathery or fleshy berry""",solanaceaesource.org,,
Solanum_appendiculatum,Fleshy,,Berry,"Note: ""leathery or fleshy berry""",solanaceaesource.org,,
Solanum_brevifolium,Fleshy,,Berry,"Note: ""leathery or fleshy berry""",solanaceaesource.org,,
Solanum_caripense,Fleshy,,Berry,"Note: ""leathery or fleshy berry""",solanaceaesource.org,,
Solanum_fraxinifolium,Fleshy,,Berry,"Note: ""leathery or fleshy berry""",solanaceaesource.org,,
Solanum_taeniotrichum,Fleshy,,Berry,"Note: ""leathery or fleshy berry""",solanaceaesource.org,,
Solanum_muricatum,Fleshy,,Berry,"Note: ""leathery or fleshy berry""",solanaceaesource.org,,
Solanum_anceps,Fleshy,,Berry,"Note: ""leathery or fleshy berry""",solanaceaesource.org,,
Solanum_conicum,Fleshy,,Berry,"Note: ""leathery or fleshy berry""",solanaceaesource.org,,
Solanum_angustialatum,Fleshy,,Berry,"Note: ""leathery or fleshy berry""",solanaceaesource.org,,
Solanum_chamaepolybotryon,Fleshy,,Berry,"Note: ""leathery or fleshy berry""",solanaceaesource.org,,
Solanum_mite,Fleshy,,Berry,"Note: ""leathery or fleshy berry""",solanaceaesource.org,,
Solanum_incurvum,Fleshy,,Berry,"Note: ""leathery or fleshy berry""",solanaceaesource.org,,
Solanum_ternatum,Fleshy,,Berry,"Note: ""leathery or fleshy berry""",solanaceaesource.org,,
Solanum_savanillense,Fleshy,,Berry,"Note: ""leathery or fleshy berry""",solanaceaesource.org,,
Solanum_phaseoloides,Fleshy,,Berry,"Note: ""leathery or fleshy berry""",solanaceaesource.org,,
Solanum_evolvulifolium,Fleshy,,Berry,"Note: ""leathery or fleshy berry""",solanaceaesource.org,,
Solanum_montanum,Fleshy,,Berry,"Note: ""leathery or fleshy berry""",solanaceaesource.org,,
Solanum_paposanum,Fleshy,,Berry,"Note: ""leathery or fleshy berry""",solanaceaesource.org,,
Solanum_multifidum,Fleshy,,Berry,"Note: ""leathery or fleshy berry""",solanaceaesource.org,,
Solanum_americanum,Fleshy,,Berry,"Note: ""leathery or fleshy berry""; ""the pulp is invariably succulent""",solanaceaesource.org,subgenus Solanum section solanum,
Solanum_nigrum,Fleshy,,Berry,"Note: ""leathery or fleshy berry""; ""the pulp is invariably succulent""",solanaceaesource.org,subgenus Solanum section solanum,
Solanum_ptychanthum,no_info,,Berry,,,,
Solanum_tredecimgranum,no_info,,Berry,,,,
Solanum_opacum,Fleshy,,Berry,"Note: ""leathery or fleshy berry""; ""the pulp is invariably succulent""",solanaceaesource.org,subgenus Solanum section solanum,
Solanum_retroflexum,Fleshy,,Berry,"Note: ""leathery or fleshy berry""; ""the pulp is invariably succulent""",solanaceaesource.org,subgenus Solanum section solanum,
Solanum_scabrum,Fleshy,,Berry,"Note: ""cultivated for their fruits""; ""Garden Huckleberry”",solanaceaesource.org,,
Solanum_villosum,Fleshy,,Berry,"Note: ""leathery or fleshy berry""; ""the pulp is invariably succulent""",solanaceaesource.org,subgenus Solanum section solanum,
Solanum_annuum,Fleshy,,Berry,"Note: ""leathery or fleshy berry""",solanaceaesource.org,,
Solanum_enantiophyllanthum,Fleshy,,Berry,"Note: ""leathery or fleshy berry""",solanaceaesource.org,,
Solanum_fiebrigii,Fleshy,,Berry,"Note: ""leathery or fleshy berry""",solanaceaesource.org,,
Solanum_pallidum,no_info,,Berry,,,,
Solanum_physalifolium,Fleshy,,Berry,"Note: ""leathery or fleshy berry""; ""the pulp is invariably succulent""",solanaceaesource.org,subgenus Solanum section solanum,
Solanum_triflorum,Fleshy,,Berry,"Note: ""leathery or fleshy berry""",solanaceaesource.org,subgenus Solanum section Parasolanum,
Solanum_riojense,Fleshy,,Berry,"Note: ""leathery or fleshy berry""",solanaceaesource.org,,
Solanum_caesium,Fleshy,,Berry,"Note: ""leathery or fleshy berry""",solanaceaesource.org,,
Solanum_palitans,Fleshy,,Berry,"Note: ""leathery or fleshy berry""",solanaceaesource.org,,
Solanum_tripartitum,Fleshy,,Berry,"Note: ""leathery or fleshy berry""",solanaceaesource.org,,
Solanum_lyratum,Fleshy,,Berry,"Note: ""leathery or fleshy berry""; ""Mature berries red""",Knapp (2013); solanaceaesource.org,,
Solanum_wallacei,Fleshy,,Berry,"Note: ""leathery or fleshy berry""; ""Mature berries black or purple""",Knapp (2013); solanaceaesource.org,,
Solanum_dulcamara,Fleshy,,Berry,"Note: ""leathery or fleshy berry""; ""Mature berries red""",Knapp (2013); solanaceaesource.org,,
Solanum_amygdalifolium,Fleshy,,Berry,"Note: ""leathery or fleshy berry""; ""Mature berries black or purple""",Knapp (2013); solanaceaesource.org,,
Solanum_crispum,Fleshy,,Berry,"Note: ""leathery or fleshy berry""; ""Mature berries red""",Knapp (2013); solanaceaesource.org,,
Solanum_laxum,Fleshy,,Berry,"Note: ""leathery or fleshy berry""; ""Mature berries black or purple""",Knapp (2013); solanaceaesource.org,,
Solanum_aligerum,Fleshy,,Berry,"Note: ""leathery or fleshy berry""; ""Mature berries black or purple""",Knapp (2013); solanaceaesource.org,,
Solanum_nitidum,Fleshy,,Berry,"Note: ""leathery or fleshy berry""; ""Mature berries red""",Knapp (2013); solanaceaesource.org,,
Solanum_pubigerum,Fleshy,,Berry,"Note: ""leathery or fleshy berry""; ""Mature berries red""",Knapp (2013); solanaceaesource.org,,
Solanum_uncinellum,Fleshy,,Berry,"Note: ""leathery or fleshy berry""; ""Mature berries red/black""",Knapp (2013); solanaceaesource.org,,
Solanum_calileguae,no_info,,Berry,,,,
Solanum_aviculare,Fleshy,,Berry,"Note: ""leathery or fleshy berry""",solanaceaesource.org,subgenus Archaesolanum,
Solanum_multivenosum,no_info,,Berry,,,,
Solanum_laciniatum,Fleshy,,Berry,"Note: ""leathery or fleshy berry""",solanaceaesource.org,,
Solanum_linearifolium,Fleshy,,Berry,"Note: ""leathery or fleshy berry""",solanaceaesource.org,,
Solanum_vescum,Fleshy,,Berry,"Note: ""leathery or fleshy berry""",solanaceaesource.org,,
Solanum_simile,Fleshy,,Berry,"Note: ""leathery or fleshy berry""",solanaceaesource.org,,
Solanum_symonii,Fleshy,,Berry,"Note: ""leathery or fleshy berry""",solanaceaesource.org,,
Solanum_capsiciforme,Fleshy,,Berry,"Note: ""leathery or fleshy berry""",solanaceaesource.org,,
Solanum_herculeum,Dry,,Berry,"Note: ""Dry berry""; ""The fruits and seeds of Solanum herculeum are distinctive within Solanum; the thin pericarp that turns pape""",solanaceaesource.org,,
Solanum_trisectum,no_info,,Berry,,,,
Solanum_aggregatum,no_info,,Berry,,,,
Solanum_guineense,Fleshy,,Berry,"Note: ""fleshy berry""; ""reddish orange when mature, the pericarp apparently thin and somewhat shiny""",solanaceaesource.org,,
Solanum_nakurense,no_info,,Berry,,,,
Solanum_terminale,Fleshy,,Berry,"Note: ""bright red when ripe, the pericarp very thin and shiny""; ""leathery or fleshy berry""",solanaceaesource.org,,
Solanum_quadrangulare,no_info,,Berry,,,,
Solanum_valdiviense,Fleshy,,Berry,"Note: ""mature berries red/orange or yellowish green""; ""leathery or fleshy berry""",Knapp (2013); solanaceaesource.org,,
Solanum_monarchostemon,Fleshy,,Berry,"Note: ""soft berries on erect pedicels that remain green at maturity suggest either bats or small mammals as dispersal agents""",Knapp (2000),,
Solanum_thelopodium,Fleshy,,Berry,"Note: ""soft berries on erect pedicels that remain green at maturity suggest either bats or small mammals as dispersal agents""",Knapp (2000),,
Jaltomata_dendroidea,Fleshy,,Berry,,Knapp (2002),,
Jaltomata_guillermoguerrae,Fleshy,,Berry,,Knapp (2002),,
Jaltomata_sanchezvegae,Fleshy,,Berry,,Knapp (2002),,
Jaltomata_ventricosa,Fleshy,,Berry,,Knapp (2002),,
Jaltomata_tayabambae,Fleshy,,Berry,,Knapp (2002),,
Jaltomata_weberbaueri,Fleshy,,Berry,,Knapp (2002),,
Jaltomata_yacheri,Fleshy,,Berry,,Knapp (2002),,
Jaltomata_herrerae,Fleshy,,Berry,,Knapp (2002),,
Jaltomata_bernardelloana,Fleshy,,Berry,,Knapp (2002),,
Jaltomata_sagastegui,Fleshy,,Berry,,Knapp (2002),,
Jaltomata_nigricolor,Fleshy,,Berry,,Knapp (2002),,
Jaltomata_paneroi,Fleshy,,Berry,,Knapp (2002),,
Jaltomata_chotanae,Fleshy,,Berry,,Knapp (2002),,
Jaltomata_lanata,Fleshy,,Berry,,Knapp (2002),,
Jaltomata_lojae,Fleshy,,Berry,,Knapp (2002),,
Jaltomata_aspera,Fleshy,,Berry,,Knapp (2002),,
Jaltomata_lomana,Fleshy,,Berry,,Knapp (2002),,
Jaltomata_mionei,Fleshy,,Berry,,Knapp (2002),,
Jaltomata_truxillana,Fleshy,,Berry,,Knapp (2002),,
Jaltomata_cajacayensis,Fleshy,,Berry,,Knapp (2002),,
Jaltomata_bicolor,Fleshy,,Berry,,Knapp (2002),,
Jaltomata_umbellata,Fleshy,,Berry,,Knapp (2002),,
Jaltomata_dentata,Fleshy,,Berry,,Knapp (2002),,
Jaltomata_biflora,Fleshy,,Berry,,Knapp (2002),,
Jaltomata_contumacensis,Fleshy,,Berry,,Knapp (2002),,
Jaltomata_leivae,Fleshy,,Berry,,Knapp (2002),,
Jaltomata_yungayensis,Fleshy,,Berry,,Knapp (2002),,
Jaltomata_viridiflora,Fleshy,,Berry,,Knapp (2002),,
Jaltomata_lezamae,Fleshy,,Berry,,Knapp (2002),,
Jaltomata_sinuosa,Fleshy,,Berry,,Knapp (2002),,
Jaltomata_andersonii,Fleshy,,Berry,,Knapp (2002),,
Jaltomata_oppositifolia,Fleshy,,Berry,,Knapp (2002),,
Jaltomata_salpoensis,Fleshy,,Berry,,Knapp (2002),,
Jaltomata_antillana,Fleshy,,Berry,,Knapp (2002),,
Jaltomata_auriculata,Fleshy,,Berry,,Knapp (2002),,
Jaltomata_bohsiana,Fleshy,,Berry,,Knapp (2002),,
Jaltomata_procumbens,Fleshy,,Berry,,Knapp (2002),,
Jaltomata_chihuahuensis,Fleshy,,Berry,,Knapp (2002),,
Jaltomata_grandiflora,Fleshy,,Berry,,Knapp (2002),,
Jaltomata_darcyana,Fleshy,,Berry,,Knapp (2002),,
Jaltomata_repandidentata,Fleshy,,Berry,,Knapp (2002),,
Physalis_mollis,Fleshy,,Berry,,Knapp (2002),,
Physalis_viscosa,Fleshy,,Berry,,Knapp (2002),,
Physalis_cinerascens,Fleshy,,Berry,,Knapp (2002),,
Physalis_pumila,Fleshy,,Berry,,Knapp (2002),,
Physalis_angustifolia,Fleshy,,Berry,,Knapp (2002),,
Physalis_walteri,Fleshy,,Berry,,Knapp (2002),,
Physalis_arenicola,Fleshy,,Berry,,Knapp (2002),,
Physalis_heterophylla,Fleshy,,Berry,,Knapp (2002),,
Physalis_virginiana,Fleshy,,Berry,,Knapp (2002),,
Physalis_lanceolata,Fleshy,,Berry,,Knapp (2002),,
Physalis_angulata,Fleshy,,Berry,,Knapp (2002),,
Physalis_pubescens,Fleshy,,Berry,,Knapp (2002),,
Physalis_lagascae,Fleshy,,Berry,,Knapp (2002),,
Physalis_cordata,Fleshy,,Berry,,Knapp (2002),,
Physalis_ignota,Fleshy,,Berry,,Knapp (2002),,
Physalis_minima,Fleshy,,Berry,,Knapp (2002),,
Physalis_pruinosa,Fleshy,,Berry,,Knapp (2002),,
Physalis_coztomatl,Fleshy,,Berry,,Knapp (2002),,
Physalis_minimaculata,Fleshy,,Berry,,Knapp (2002),,
Physalis_campanulata,Fleshy,,Berry,,Knapp (2002),,
Physalis_greenmanii,Fleshy,,Berry,,Knapp (2002),,
Physalis_caudella,Fleshy,,Berry,,Knapp (2002),,
Physalis_hederifolia,Fleshy,,Berry,,Knapp (2002),,
Physalis_sordida,Fleshy,,Berry,,Knapp (2002),,
Physalis_glutinosa,Fleshy,,Berry,,Knapp (2002),,
Physalis_longifolia,Fleshy,,Berry,,Knapp (2002),,
Physalis_angustiphysa,Fleshy,,Berry,,Knapp (2002),,
Physalis_lassa,Fleshy,,Berry,,Knapp (2002),,
Physalis_peruviana,Fleshy,,Berry,,Knapp (2002),,
Physalis_nicandroides,Fleshy,,Berry,,Knapp (2002),,
Physalis_patula,Fleshy,,Berry,,Knapp (2002),,
Physalis_microcarpa,Fleshy,,Berry,,Knapp (2002),,
Physalis_philadelphica,Fleshy,,Berry,,Knapp (2002),,
Physalis_acutifolia,Fleshy,,Berry,,Knapp (2002),,
Physalis_crassifolia,Fleshy,,Berry,,Knapp (2002),,
Chamaesaracha_coronopus,Fleshy,,Berry,,Knapp (2002),,
Chamaesaracha_sordida,Fleshy,,Berry,,Knapp (2002),,
Physalis_arborescens,Fleshy,,Berry,,Knapp (2002),,
Physalis_melanocystis,Fleshy,,Berry,,Knapp (2002),,
Physalis_microphysa,Fleshy,,Berry,,Knapp (2002),,
Quincula_lobata,Fleshy,,Berry,,Knapp (2002),,
Physalis_alkekengi,Fleshy,,Berry,,Knapp (2002),,
Physalis_carpenteri,Fleshy,,Berry,,Knapp (2002),,
Witheringia_meiantha,Fleshy,,Berry,,Knapp (2002),,
Witheringia_solanacea,Fleshy,,Berry,,Knapp (2002),,
Witheringia_macrantha,Fleshy,,Berry,,Knapp (2002),,
Brachistus_stramoniifolius,Fleshy,,Berry,,Knapp (2002),,
Leucophysalis_viscosa,Fleshy,,Berry,,Knapp (2002),,
Tzeltalia_amphitricha,Fleshy,,Berry,,Estrada & Martinez 1998,,
Tzeltalia_calidaria,Fleshy,,Berry,,Estrada & Martinez 1998,,
Leucophysalis_grandiflora,Fleshy,,Berry,,Knapp 2002,,
Leucophysalis_nana,Fleshy,,Berry,,Knapp 2002,,
Oryctes_nevadensis,Dry,,Dry berry,,Knapp 2002,,
Iochroma_cyaneum,Fleshy,,Berry,,Knapp 2002,,
Iochroma_loxense,Fleshy,,Berry,,Knapp 2002,,
Iochroma_cornifolium,Fleshy,,Berry,,Knapp 2002,,
Acnistus_arborescens,Fleshy,,Berry,,Knapp 2002,,
Iochroma_stenanthum,Fleshy,,Berry,,Knapp 2002,,
Iochroma_ellipticum,Fleshy,,Berry,,Knapp 2002,,
Iochroma_confertiflorum,Fleshy,,Berry,,Knapp 2002,,
Iochroma_edule,Fleshy,,Berry,,Knapp 2002,,
Iochroma_salpoanum,Fleshy,,Berry,,Knapp 2002,,
Iochroma_lehmannii,Fleshy,,Berry,,Knapp 2002,,
Iochroma_squamosum,Fleshy,,Berry,,Knapp 2002,,
Iochroma_calycinum,Fleshy,,Berry,,Knapp 2002,,
Iochroma_fuchsioides,Fleshy,,Berry,,Knapp 2002,,
Iochroma_gesnerioides,Fleshy,,Berry,,Knapp 2002,,
Iochroma_nitidum,Fleshy,,Berry,,Knapp 2002,,
Iochroma_umbellatum,Fleshy,,Berry,,Knapp 2002,,
Iochroma_grandiflorum,Fleshy,,Berry,,Knapp 2002,,
Eriolarynx_lorentzii,Fleshy,,Berry,,Knapp 2002,,
Iochroma_australe,Fleshy,,Berry,,Knapp 2002,,
Eriolarynx_fasciculata,Fleshy,,Berry,,Knapp 2002,,
Dunalia_brachyacantha,Fleshy,,Berry,,Knapp 2002,,
Iochroma_parvifolium,Fleshy,,Berry,,Knapp 2002,,
Vassobia_breviflora,Fleshy,,Berry,,Knapp 2002,,
Vassobia_dichotoma,Fleshy,,Berry,,Knapp 2002,,
Dunalia_spinosa,Fleshy,,Berry,,Knapp 2002,,
Dunalia_obovata,Fleshy,,Berry,,Knapp 2002,,
Dunalia_spathulata,Fleshy,,Berry,,Knapp 2002,,
Saracha_punctata,Fleshy,,Berry,,Knapp 2002,,
Saracha_quitensis,Fleshy,,Berry,,Knapp 2002,,
Dunalia_solanacea,Fleshy,,Berry,,Knapp 2002,,
Deprea_sylvaticum,Fleshy,,Berry,,Knapp 2002,,
Larnax_subtriflora,Fleshy,,Berry,,Knapp 2002,,
Larnax_sachapapa,Fleshy,,Berry,,Knapp 2002,,
Larnax_sylvarum,Fleshy,,Berry,,Knapp 2002,,
Deprea_bitteriana,Fleshy,,Berry,,Knapp 2003,,
Deprea_paneroi,Fleshy,,Berry,,Knapp 2004,,
Larnax_dilloniana,Fleshy,,Berry,,Knapp 2005,,
Larnax_hawkesii,Fleshy,,Berry,,Knapp 2006,,
Larnax_nieva,Fleshy,,Berry,,Knapp 2007,,
Larnax_psilophyta,Fleshy,,Berry,,Knapp 2008,,
Larnax_purpurea,Fleshy,,Berry,,Knapp 2009,,
Larnax_suffruticosa,Fleshy,,Berry,,Knapp 2010,,
Deprea_orinocensis,Fleshy,,Berry,,Knapp 2011,,
Larnax_parviflora,Fleshy,,Berry,,Knapp 2012,,
Larnax_peruviana,Fleshy,,Berry,,Knapp 2013,,
Withania_coagulans,Fleshy,,Berry,,Knapp 2002,,
Withania_somnifera,Fleshy,,Berry,,Knapp 2002,,
Mellissia_begoniifolia,Dry,,,,Fay et al. 2007,,
Discopodium_penninervium,Fleshy,,Berry,,Knapp 2002,,
Nothocestrum_latifolium,Fleshy,,Berry,,Knapp 2002,,
Nothocestrum_longifolium,Fleshy,,Berry,,Knapp 2002,,
Athenaea_pogogena,Fleshy,,Berry,,Knapp 2002,,
Athenaea_sp,Fleshy,,Berry,,Knapp 2002,,
Aureliana_fasciculata,Fleshy,,Berry,,Knapp 2002,,
Cuatresia_exiguiflora,Fleshy,,Berry,,Knapp 2002,,
Cuatresia_riparia,Fleshy,,Berry,,Knapp 2002,,
Witheringia_cuneata,Fleshy,,,,https://biogeodb.stri.si.edu/bioinformatics/dfm/metas/view/27877,,
Capsicum_frutescens,Fleshy,,Berry,,Knapp 2002,,
Capsicum_galapagoense,Fleshy,,Berry,,Knapp 2002,,
Capsicum_chinense,Fleshy,,Berry,,Knapp 2002,,
Capsicum_annuum,Fleshy,,Berry,,Knapp 2002,,
Capsicum_baccatum,Fleshy,,Berry,,Knapp 2002,,
Capsicum_coccineum,Fleshy,,Berry,,Knapp 2002,,
Capsicum_chacoense,Fleshy,,Berry,,Knapp 2002,,
Capsicum_tovarii,Fleshy,,Berry,,Knapp 2002,,
Capsicum_pubescens,Fleshy,,Berry,,Knapp 2002,,
Capsicum_cardenasii,Fleshy,,Berry,,Knapp 2002,,
Capsicum_eximium,Fleshy,,Berry,,Knapp 2002,,
Capsicum_ceratocalyx,Fleshy,,Berry,,Knapp 2002,,
Capsicum_minutiflorum,Fleshy,,Berry,,Knapp 2002,,
Capsicum_flexuosum,Fleshy,,Berry,,Knapp 2002,,
Capsicum_hunzikerianum,Fleshy,,Berry,,Knapp 2002,,
Capsicum_recurvatum,Fleshy,,Berry,,Knapp 2002,,
Capsicum_schottianum,Fleshy,,Berry,,Knapp 2002,,
Capsicum_pereirae,Fleshy,,Berry,,Knapp 2002,,
Capsicum_villosum,Fleshy,,Berry,,Knapp 2002,,
Capsicum_campylopodium,Fleshy,,Berry,,Knapp 2002,,
Capsicum_ciliatum,Fleshy,,Berry,,Knapp 2002,,
Capsicum_rhomboideum,Fleshy,,Berry,,Knapp 2002,,
Capsicum_lanceolatum,Fleshy,,Berry,,Knapp 2002,,
Capsicum_geminifolium,Fleshy,,Berry,,Knapp 2002,,
Capsicum_lycianthoides,Fleshy,,Berry,,Knapp 2002,,
Lycianthes_dejecta,Fleshy,,Berry,,Knapp 2002,,
Lycianthes_peduncularis,Fleshy,,Berry,,Knapp 2002,,
Lycianthes_rzedowskii,Fleshy,,Berry,,Knapp 2002,,
Lycianthes_moziniana,Fleshy,,Berry,,Knapp 2002,,
Lycianthes_acapulcensis,Fleshy,,Berry,,Knapp 2002,,
Lycianthes_ciliolata,Fleshy,,Berry,,Knapp 2002,,
Lycianthes_asarifolia,Fleshy,,Berry,,Knapp 2002,,
Lycianthes_acutifolia,Fleshy,,Berry,,Knapp 2002,,
Lycianthes_inaequilatera,Fleshy,,Berry,,Knapp 2002,,
Lycianthes_amatitlanensis,Fleshy,,Berry,,Knapp 2002,,
Lycianthes_radiata,Fleshy,,Berry,,Knapp 2002,,
Lycianthes_jelskii,Fleshy,,Berry,,Knapp 2002,,
Lycianthes_fasciculata,Fleshy,,Berry,,Knapp 2002,,
Lycianthes_saltensis,Fleshy,,Berry,,Knapp 2002,,
Lycianthes_lycioides,Fleshy,,Berry,,Knapp 2002,,
Lycianthes_rantonnei,Fleshy,,Berry,,Knapp 2002,,
Lycianthes_geminiflora,Fleshy,,Berry,,Knapp 2002,,
Lycianthes_heteroclita,Fleshy,,Berry,,Knapp 2002,,
Lycianthes_tricolor,Fleshy,,Berry,,Knapp 2002,,
Lycianthes_stephanocalyx,Fleshy,,Berry,,Knapp 2002,,
Lycianthes_lenta,Fleshy,,Berry,,Knapp 2002,,
Lycianthes_jalicensis,Fleshy,,Berry,,Knapp 2002,,
Lycianthes_surotatensis,Fleshy,,Berry,,Knapp 2002,,
Lycianthes_nitida,Fleshy,,Berry,,Knapp 2002,,
Lycianthes_furcatistellata,Fleshy,,Berry,,Knapp 2002,,
Lycianthes_multiflora,Fleshy,,Berry,,Knapp 2002,,
Lycianthes_glandulosa,Fleshy,,Berry,,Knapp 2002,,
Lycianthes_pseudolycioides,Fleshy,,Berry,,Knapp 2002,,
Lycianthes_beckneriana,Fleshy,,Berry,,Knapp 2002,,
Lycianthes_pringlei,Fleshy,,Berry,,Knapp 2002,,
Lycianthes_sanctaeclarae,Fleshy,,Berry,,Knapp 2002,,
Lycianthes_synanthera,Fleshy,,Berry,,Knapp 2002,,
Lycianthes_biflora,Fleshy,,Berry,,Knapp 2002,,
Lycianthes_denticulata,Fleshy,,Berry,,Knapp 2002,,
Lycianthes_lysimachioides,Fleshy,,Berry,,Knapp 2002,,
Lycianthes_shanesii,Fleshy,,Berry,,Knapp 2002,,
Nectouxia_formosa,Fleshy,,Berry,,Knapp 2002,,
Salpichroa_origanifolia,Fleshy,,Berry,,Knapp 2002,,
Datura_ceratocaula,Dry,,Capsule,,Knapp 2002,,
Datura_rosei,Dry,,Capsule,,Knapp 2002,,
Datura_laevis,Dry,,Capsule,,Knapp 2002,,
Datura_bernhardii,Dry,,Capsule,,Knapp 2002,,
Datura_stramonium,Dry,,Capsule,,Knapp 2002,,
Datura_ferox,Dry,,Capsule,,Knapp 2002,,
Datura_quercifolia,Dry,,Capsule,,Knapp 2002,,
Datura_inoxia,Dry,,Capsule,,Knapp 2002,,
Datura_leichhardtii,Dry,,Capsule,,Knapp 2002,,
Datura_discolor,Dry,,Capsule,,Knapp 2002,,
Datura_metel,Dry,,Capsule,,Knapp 2002,,
Brugmansia_arborea,Fleshy,,Berry,,Knapp 2002,,
Brugmansia_aurea,Fleshy,,Berry,,Knapp 2002,,
Brugmansia_sanguinea,Fleshy,,Berry,,Knapp 2002,,
Iochroma_cardenasianum,Fleshy,,Berry,,Knapp 2002,,
Nicandra_physalodes,Fleshy,,Berry,,Knapp 2002,,
Mandragora_autumnalis,Fleshy,,Berry,,Knapp 2002,,
Mandragora_turcomanica,Fleshy,,Berry,,Knapp 2002,,
Mandragora_officinarum,Fleshy,,Berry,,Knapp 2002,,
Mandragora_caulescens,Fleshy,,Berry,,Knapp 2002,,
Mandragora_chinghaiensis,Fleshy,,Berry,,Knapp 2002,,
Trianaea_sp,Fleshy,,Berry,,Knapp 2002,,
Trianaea_speciosa,Fleshy,,Berry,,Knapp 2002,,
Juanulloa_mexicana,Fleshy,,Berry,,Knapp 2002,,
Markea_panamensis,Fleshy,,Berry,,Knapp 2002,,
Markea_ulei,Fleshy,,Berry,,Knapp 2002,,
Merinthopodium_neuranthum,Fleshy,,Berry,,Knapp 2002,,
Dyssochroma_viridiflora,Fleshy,,Berry,,Knapp 2002,,
Solandra_brachycalyx,Fleshy,,Berry,,Knapp 2002,,
Solandra_grandiflora,Fleshy,,Berry,,Knapp 2002,,
Schultesianthus_leucanthus,Fleshy,,Berry,,Knapp 2002,,
Schultesianthus_megalandrus,Fleshy,,Berry,,Knapp 2002,,
Exodeconus_miersii,Fleshy,,Berry,,Knapp 2002,,
Lycium_andersonii,Fleshy,,,"Note: ""Species of Lycium have relatively small, succulent, orange, red, or  blackish  fruits  and  are  probably  bird-dispersed"" ",Fukuda et al. (2001),,
Lycium_berlandieri,Fleshy,,,"Note: ""Species of Lycium have relatively small, succulent, orange, red, or  blackish  fruits  and  are  probably  bird-dispersed"" ",Fukuda et al. (2001),,
Lycium_exsertum,Fleshy,,,"Note: ""Species of Lycium have relatively small, succulent, orange, red, or  blackish  fruits  and  are  probably  bird-dispersed"" ",Fukuda et al. (2001),,
Lycium_fremontii,Fleshy,,,"Note: ""Species of Lycium have relatively small, succulent, orange, red, or  blackish  fruits  and  are  probably  bird-dispersed"" ",Fukuda et al. (2001),,
Lycium_parishii,Fleshy,,,"Note: ""Species of Lycium have relatively small, succulent, orange, red, or  blackish  fruits  and  are  probably  bird-dispersed"" ",Fukuda et al. (2001),,
Lycium_torreyi,Fleshy,,,"Note: ""Species of Lycium have relatively small, succulent, orange, red, or  blackish  fruits  and  are  probably  bird-dispersed"" ",Fukuda et al. (2001),,
Lycium_texanum,Fleshy,,,"Note: ""Species of Lycium have relatively small, succulent, orange, red, or  blackish  fruits  and  are  probably  bird-dispersed"" ",Fukuda et al. (2001),,
Lycium_athium,Fleshy,,,"Note: ""Species of Lycium have relatively small, succulent, orange, red, or  blackish  fruits  and  are  probably  bird-dispersed"" ",Fukuda et al. (2001),,
Lycium_minimum,Fleshy,,,"Note: ""Species of Lycium have relatively small, succulent, orange, red, or  blackish  fruits  and  are  probably  bird-dispersed"" ",Fukuda et al. (2001),,
Lycium_americanum,Fleshy,,,"Note: ""Species of Lycium have relatively small, succulent, orange, red, or  blackish  fruits  and  are  probably  bird-dispersed"" ",Fukuda et al. (2001),,
Lycium_infaustum,Fleshy,,,"Note: ""Species of Lycium have relatively small, succulent, orange, red, or  blackish  fruits  and  are  probably  bird-dispersed"" ",Fukuda et al. (2001),,
Lycium_elongatum,Fleshy,,,"Note: ""Species of Lycium have relatively small, succulent, orange, red, or  blackish  fruits  and  are  probably  bird-dispersed"" ",Fukuda et al. (2001),,
Lycium_carolinianum,Fleshy,,,"Note: ""Species of Lycium have relatively small, succulent, orange, red, or  blackish  fruits  and  are  probably  bird-dispersed"" ",Fukuda et al. (2001),,
Lycium_sandwicense,Fleshy,,,"Note: ""Species of Lycium have relatively small, succulent, orange, red, or  blackish  fruits  and  are  probably  bird-dispersed"" ",Fukuda et al. (2001),,
Lycium_rachidocladum,Fleshy,,,"Note: ""Species of Lycium have relatively small, succulent, orange, red, or  blackish  fruits  and  are  probably  bird-dispersed"" ",Fukuda et al. (2001),,
Lycium_tenuispinosum,Fleshy,,,"Note: ""Species of Lycium have relatively small, succulent, orange, red, or  blackish  fruits  and  are  probably  bird-dispersed"" ",Fukuda et al. (2001),,
Lycium_brevipes,Fleshy,,,"Note: ""Species of Lycium have relatively small, succulent, orange, red, or  blackish  fruits  and  are  probably  bird-dispersed"" ",Fukuda et al. (2001),,
Lycium_cuneatum,Fleshy,,,"Note: ""Species of Lycium have relatively small, succulent, orange, red, or  blackish  fruits  and  are  probably  bird-dispersed"" ",Fukuda et al. (2001),,
Lycium_morongii,Fleshy,,,"Note: ""Species of Lycium have relatively small, succulent, orange, red, or  blackish  fruits  and  are  probably  bird-dispersed"" ",Fukuda et al. (2001),,
Lycium_cestroides,Fleshy,,,"Note: ""Species of Lycium have relatively small, succulent, orange, red, or  blackish  fruits  and  are  probably  bird-dispersed"" ",Fukuda et al. (2001),,
Lycium_minutifolium,Fleshy,,,"Note: ""Species of Lycium have relatively small, succulent, orange, red, or  blackish  fruits  and  are  probably  bird-dispersed"" ",Fukuda et al. (2001),,
Lycium_stenophyllum,Fleshy,,,"Note: ""Species of Lycium have relatively small, succulent, orange, red, or  blackish  fruits  and  are  probably  bird-dispersed"" ",Fukuda et al. (2001),,
Lycium_fuscum,Fleshy,,,"Note: ""Species of Lycium have relatively small, succulent, orange, red, or  blackish  fruits  and  are  probably  bird-dispersed"" ",Fukuda et al. (2001),,
Lycium_deserti,Fleshy,,,"Note: ""Species of Lycium have relatively small, succulent, orange, red, or  blackish  fruits  and  are  probably  bird-dispersed"" ",Fukuda et al. (2001),,
Lycium_ameghinoi,Fleshy,,,"Note: ""Species of Lycium have relatively small, succulent, orange, red, or  blackish  fruits  and  are  probably  bird-dispersed"" ",Fukuda et al. (2001),,
Lycium_chanar,Fleshy,,,"Note: ""Species of Lycium have relatively small, succulent, orange, red, or  blackish  fruits  and  are  probably  bird-dispersed"" ",Fukuda et al. (2001),,
Lycium_chilense,Fleshy,,,"Note: ""Species of Lycium have relatively small, succulent, orange, red, or  blackish  fruits  and  are  probably  bird-dispersed"" ",Fukuda et al. (2001),,
Lycium_ciliatum,Fleshy,,,"Note: ""Species of Lycium have relatively small, succulent, orange, red, or  blackish  fruits  and  are  probably  bird-dispersed"" ",Fukuda et al. (2001),,
Lycium_gilliesianum,Fleshy,,,"Note: ""Species of Lycium have relatively small, succulent, orange, red, or  blackish  fruits  and  are  probably  bird-dispersed"" ",Fukuda et al. (2001),,
Lycium_nodosum,Fleshy,,,"Note: ""Species of Lycium have relatively small, succulent, orange, red, or  blackish  fruits  and  are  probably  bird-dispersed"" ",Fukuda et al. (2001),,
Lycium_vimineum,Fleshy,,,"Note: ""Species of Lycium have relatively small, succulent, orange, red, or  blackish  fruits  and  are  probably  bird-dispersed"" ",Fukuda et al. (2001),,
Lycium_californicum,Fleshy,,,"Note: ""Species of Lycium have relatively small, succulent, orange, red, or  blackish  fruits  and  are  probably  bird-dispersed"" ",Fukuda et al. (2001),,
Lycium_microphyllum,Fleshy,,,"Note: ""Species of Lycium have relatively small, succulent, orange, red, or  blackish  fruits  and  are  probably  bird-dispersed"" ",Fukuda et al. (2001),,
Lycium_macrodon,Fleshy,,,"Note: ""Species of Lycium have relatively small, succulent, orange, red, or  blackish  fruits  and  are  probably  bird-dispersed"" ",Fukuda et al. (2001),,
Lycium_puberulum,Fleshy,,,"Note: ""Species of Lycium have relatively small, succulent, orange, red, or  blackish  fruits  and  are  probably  bird-dispersed"" ",Fukuda et al. (2001),,
Lycium_cooperi,Fleshy,,,"Note: ""Species of Lycium have relatively small, succulent, orange, red, or  blackish  fruits  and  are  probably  bird-dispersed"" ",Fukuda et al. (2001),,
Lycium_pallidum,Fleshy,,,"Note: ""Species of Lycium have relatively small, succulent, orange, red, or  blackish  fruits  and  are  probably  bird-dispersed"" ",Fukuda et al. (2001),,
Lycium_shockleyi,Fleshy,,,"Note: ""Species of Lycium have relatively small, succulent, orange, red, or  blackish  fruits  and  are  probably  bird-dispersed"" ",Fukuda et al. (2001),,
Lycium_boerhaviifolium,Fleshy,,,"Note: ""Species of Lycium have relatively small, succulent, orange, red, or  blackish  fruits  and  are  probably  bird-dispersed"" ",Fukuda et al. (2001),,
Lycium_duplicatum,Fleshy,,,"Note: ""Species of Lycium have relatively small, succulent, orange, red, or  blackish  fruits  and  are  probably  bird-dispersed"" ",Fukuda et al. (2001),,
Lycium_hirsutum,Fleshy,,,"Note: ""Species of Lycium have relatively small, succulent, orange, red, or  blackish  fruits  and  are  probably  bird-dispersed"" ",Fukuda et al. (2001),,
Lycium_villosum,Fleshy,,,"Note: ""Species of Lycium have relatively small, succulent, orange, red, or  blackish  fruits  and  are  probably  bird-dispersed"" ",Fukuda et al. (2001),,
Lycium_bosciifolium,Fleshy,,,"Note: ""Species of Lycium have relatively small, succulent, orange, red, or  blackish  fruits  and  are  probably  bird-dispersed"" ",Fukuda et al. (2001),,
Lycium_schweinfurthii,Fleshy,,,"Note: ""Species of Lycium have relatively small, succulent, orange, red, or  blackish  fruits  and  are  probably  bird-dispersed"" ",Fukuda et al. (2001),,
Lycium_shawii,Fleshy,,,"Note: ""Species of Lycium have relatively small, succulent, orange, red, or  blackish  fruits  and  are  probably  bird-dispersed"" ",Fukuda et al. (2001),,
Lycium_eenii,Fleshy,,,"Note: ""Species of Lycium have relatively small, succulent, orange, red, or  blackish  fruits  and  are  probably  bird-dispersed"" ",Fukuda et al. (2001),,
Lycium_acutifolium,Fleshy,,,"Note: ""Species of Lycium have relatively small, succulent, orange, red, or  blackish  fruits  and  are  probably  bird-dispersed"" ",Fukuda et al. (2001),,
Lycium_tetrandrum,Fleshy,,,"Note: ""Species of Lycium have relatively small, succulent, orange, red, or  blackish  fruits  and  are  probably  bird-dispersed"" ",Fukuda et al. (2001),,
Lycium_chinense,Fleshy,,,"Note: ""Species of Lycium have relatively small, succulent, orange, red, or  blackish  fruits  and  are  probably  bird-dispersed"" ",Fukuda et al. (2001),,
Lycium_yunnanense,Fleshy,,,"Note: ""Species of Lycium have relatively small, succulent, orange, red, or  blackish  fruits  and  are  probably  bird-dispersed"" ",Fukuda et al. (2001),,
Lycium_barbarum,Fleshy,,,"Note: ""Species of Lycium have relatively small, succulent, orange, red, or  blackish  fruits  and  are  probably  bird-dispersed"" ",Fukuda et al. (2001),,
Lycium_dasystemum,Fleshy,,,"Note: ""Species of Lycium have relatively small, succulent, orange, red, or  blackish  fruits  and  are  probably  bird-dispersed"" ",Fukuda et al. (2001),,
Lycium_truncatum,Fleshy,,,"Note: ""Species of Lycium have relatively small, succulent, orange, red, or  blackish  fruits  and  are  probably  bird-dispersed"" ",Fukuda et al. (2001),,
Lycium_ruthenicum,Fleshy,,,"Note: ""Species of Lycium have relatively small, succulent, orange, red, or  blackish  fruits  and  are  probably  bird-dispersed"" ",Fukuda et al. (2001),,
Lycium_depressum,Fleshy,,,"Note: ""Species of Lycium have relatively small, succulent, orange, red, or  blackish  fruits  and  are  probably  bird-dispersed"" ",Fukuda et al. (2001),,
Lycium_europaeum,Fleshy,,,"Note: ""Species of Lycium have relatively small, succulent, orange, red, or  blackish  fruits  and  are  probably  bird-dispersed"" ",Fukuda et al. (2001),,
Lycium_horridum,Fleshy,,,"Note: ""Species of Lycium have relatively small, succulent, orange, red, or  blackish  fruits  and  are  probably  bird-dispersed"" ",Fukuda et al. (2001),,
Lycium_schizocalyx,Fleshy,,,"Note: ""Species of Lycium have relatively small, succulent, orange, red, or  blackish  fruits  and  are  probably  bird-dispersed"" ",Fukuda et al. (2001),,
Lycium_ferocissimum,Fleshy,,,"Note: ""Species of Lycium have relatively small, succulent, orange, red, or  blackish  fruits  and  are  probably  bird-dispersed"" ",Fukuda et al. (2001),,
Lycium_afrum,Fleshy,,,"Note: ""Species of Lycium have relatively small, succulent, orange, red, or  blackish  fruits  and  are  probably  bird-dispersed"" ",Fukuda et al. (2001),,
Lycium_arenicola,Fleshy,,,"Note: ""Species of Lycium have relatively small, succulent, orange, red, or  blackish  fruits  and  are  probably  bird-dispersed"" ",Fukuda et al. (2001),,
Lycium_cinereum,Fleshy,,,"Note: ""Species of Lycium have relatively small, succulent, orange, red, or  blackish  fruits  and  are  probably  bird-dispersed"" ",Fukuda et al. (2001),,
Lycium_amoenum,Fleshy,,,"Note: ""Species of Lycium have relatively small, succulent, orange, red, or  blackish  fruits  and  are  probably  bird-dispersed"" ",Fukuda et al. (2001),,
Lycium_grandicalyx,Fleshy,,,"Note: ""Species of Lycium have relatively small, succulent, orange, red, or  blackish  fruits  and  are  probably  bird-dispersed"" ",Fukuda et al. (2001),,
Lycium_strandveldense,Fleshy,,,"Note: ""Species of Lycium have relatively small, succulent, orange, red, or  blackish  fruits  and  are  probably  bird-dispersed"" ",Fukuda et al. (2001),,
Lycium_australe,Fleshy,,,"Note: ""Species of Lycium have relatively small, succulent, orange, red, or  blackish  fruits  and  are  probably  bird-dispersed"" ",Fukuda et al. (2001),,
Lycium_tenue,Fleshy,,,"Note: ""Species of Lycium have relatively small, succulent, orange, red, or  blackish  fruits  and  are  probably  bird-dispersed"" ",Fukuda et al. (2001),,
Lycium_gariepense,Fleshy,,,"Note: ""Species of Lycium have relatively small, succulent, orange, red, or  blackish  fruits  and  are  probably  bird-dispersed"" ",Fukuda et al. (2001),,
Lycium_oxycarpum,Fleshy,,,"Note: ""Species of Lycium have relatively small, succulent, orange, red, or  blackish  fruits  and  are  probably  bird-dispersed"" ",Fukuda et al. (2001),,
Lycium_pilifolium,Fleshy,,,"Note: ""Species of Lycium have relatively small, succulent, orange, red, or  blackish  fruits  and  are  probably  bird-dispersed"" ",Fukuda et al. (2001),,
Lycium_decumbens,Fleshy,,,"Note: ""Species of Lycium have relatively small, succulent, orange, red, or  blackish  fruits  and  are  probably  bird-dispersed"" ",Fukuda et al. (2001),,
Lycium_pumilum,Fleshy,,,"Note: ""Species of Lycium have relatively small, succulent, orange, red, or  blackish  fruits  and  are  probably  bird-dispersed"" ",Fukuda et al. (2001),,
Nolana_leptophylla,Dry,,Nutlets,,Knapp (2002),,
Nolana_villosa,Dry,,Nutlets,,Knapp (2002),,
Nolana_mollis,Dry,,Nutlets,,Knapp (2002),,
Nolana_albescens,Dry,,Nutlets,,Knapp (2002),,
Nolana_flaccida,Dry,,Nutlets,,Knapp (2002),,
Nolana_sedifolia,Dry,,Nutlets,,Knapp (2002),,
Nolana_ramosissima,Dry,,Nutlets,,Knapp (2002),,
Nolana_salsoloides,Dry,,Nutlets,,Knapp (2002),,
Nolana_clivicola,Dry,,Nutlets,,Knapp (2002),,
Nolana_onoana,Dry,,Nutlets,,Knapp (2002),,
Nolana_sphaerophylla,Dry,,Nutlets,,Knapp (2002),,
Nolana_peruviana,Dry,,Nutlets,,Knapp (2002),,
Nolana_aplocaryoides,Dry,,Nutlets,,Knapp (2002),,
Nolana_diffusa,Dry,,Nutlets,,Knapp (2002),,
Nolana_tocopillensis,Dry,,Nutlets,,Knapp (2002),,
Nolana_crassulifolia,Dry,,Nutlets,,Knapp (2002),,
Nolana_werdermannii,Dry,,Nutlets,,Knapp (2002),,
Nolana_divaricata,Dry,,Nutlets,,Knapp (2002),,
Nolana_incana,Dry,,Nutlets,,Knapp (2002),,
Nolana_intonsa,Dry,,Nutlets,,Knapp (2002),,
Nolana_thinophila,Dry,,Nutlets,,Knapp (2002),,
Nolana_volcanica,Dry,,Nutlets,,Knapp (2002),,
Nolana_cerrateana,Dry,,Nutlets,,Knapp (2002),,
Nolana_pilosa,Dry,,Nutlets,,Knapp (2002),,
Nolana_confinis,Dry,,Nutlets,,Knapp (2002),,
Nolana_johnstonii,Dry,,Nutlets,,Knapp (2002),,
Nolana_lycioides,Dry,,Nutlets,,Knapp (2002),,
Nolana_pallida,Dry,,Nutlets,,Knapp (2002),,
Nolana_arequipensis,Dry,,Nutlets,,Knapp (2002),,
Nolana_tomentella,Dry,,Nutlets,,Knapp (2002),,
Nolana_gayana,Dry,,Nutlets,,Knapp (2002),,
Nolana_tarapacana,Dry,,Nutlets,,Knapp (2002),,
Nolana_coronata,Dry,,Nutlets,,Knapp (2002),,
Nolana_laxa,Dry,,Nutlets,,Knapp (2002),,
Nolana_scaposa,Dry,,Nutlets,,Knapp (2002),,
Nolana_chancoana,Dry,,Nutlets,,Knapp (2002),,
Nolana_chapiensis,Dry,,Nutlets,,Knapp (2002),,
Nolana_humifusa,Dry,,Nutlets,,Knapp (2002),,
Nolana_lezamae,Dry,,Nutlets,,Knapp (2002),,
Nolana_aticoana,Dry,,Nutlets,,Knapp (2002),,
Nolana_urubambae,Dry,,Nutlets,,Knapp (2002),,
Nolana_inflata,Dry,,Nutlets,,Knapp (2002),,
Nolana_weissiana,Dry,,Nutlets,,Knapp (2002),,
Nolana_willeana,Dry,,Nutlets,,Knapp (2002),,
Nolana_plicata,Dry,,Nutlets,,Knapp (2002),,
Nolana_spathulata,Dry,,Nutlets,,Knapp (2002),,
Nolana_adansonii,Dry,,Nutlets,,Knapp (2002),,
Nolana_galapagensis,Dry,,Nutlets,,Knapp (2002),,
Nolana_balsamiflua,Dry,,Nutlets,,Knapp (2002),,
Nolana_linearifolia,Dry,,Nutlets,,Knapp (2002),,
Nolana_stenophylla,Dry,,Nutlets,,Knapp (2002),,
Nolana_filifolia,Dry,,Nutlets,,Knapp (2002),,
Nolana_rostrata,Dry,,Nutlets,,Knapp (2002),,
Nolana_carnosa,Dry,,Nutlets,,Knapp (2002),,
Nolana_coelestis,Dry,,Nutlets,,Knapp (2002),,
Nolana_acuminata,Dry,,Nutlets,,Knapp (2002),,
Nolana_paradoxa,Dry,,Nutlets,,Knapp (2002),,
Nolana_rupicola,Dry,,Nutlets,,Knapp (2002),,
Nolana_elegans,Dry,,Nutlets,,Knapp (2002),,
Nolana_baccata,Dry,,Nutlets,,Knapp (2002),,
Nolana_parviflora,Dry,,Nutlets,,Knapp (2002),,
Nolana_pterocarpa,Dry,,Nutlets,,Knapp (2002),,
Nolana_sessiliflora,Dry,,Nutlets,,Knapp (2002),,
Sclerophylax_adnatifolia,Dry,,,"Note: ""dry fruits""",Wang et al. (2015); Lujea and Chiarini (2017),,
Sclerophylax_sp,Dry,,,"Note: ""dry fruits""",Wang et al. (2015); Lujea and Chiarini (2017),,
Sclerophylax_gilliesii,Dry,,,"Note: ""dry fruits""",Wang et al. (2015); Lujea and Chiarini (2017),,
Sclerophylax_spinescens,Dry,,,"Note: ""dry fruits""",Wang et al. (2015); Lujea and Chiarini (2017),,
Physochlaina_orientalis,Dry,,,"Note: ""non-capsular dehicent""",Knapp (2002),,
Physochlaina_physaloides,Dry,,,"Note: ""non-capsular dehicent""",Knapp (2002),,
Physochlaina_infundibularis,Dry,,,"Note: ""non-capsular dehicent""",Knapp (2002),,
Physochlaina_praealta,Dry,,,"Note: ""non-capsular dehicent""",Knapp (2002),,
Przewalskia_tangutica,Dry,,,"Note: ""non-capsular dehicent""",Knapp (2002),,
Scopolia_lutescens,Dry,,,"Note: ""non-capsular dehicent""",Knapp (2002),,
Scopolia_parviflora,Dry,,,"Note: ""non-capsular dehicent""",Knapp (2002),,
Scopolia_carniolica,Dry,,,"Note: ""non-capsular dehicent""",Knapp (2002),,
Scopolia_japonica,Dry,,,"Note: ""non-capsular dehicent""",Knapp (2002),,
Atropanthe_sinensis,Dry,,,"Note: ""non-capsular dehicent""",Knapp (2002),,
Hyoscyamus_albus,Dry,,,"Note: ""non-capsular dehicent""",Knapp (2002),,
Hyoscyamus_niger,Dry,,,"Note: ""non-capsular dehicent""",Knapp (2002),,
Hyoscyamus_pusillus,Dry,,,"Note: ""non-capsular dehicent""",Knapp (2002),,
Hyoscyamus_turcomanicus,Dry,,,"Note: ""non-capsular dehicent""",Knapp (2002),,
Hyoscyamus_aureus,Dry,,,"Note: ""non-capsular dehicent""",Knapp (2002),,
Hyoscyamus_desertorum,Dry,,,"Note: ""non-capsular dehicent""",Knapp (2002),,
Hyoscyamus_muticus,Dry,,,"Note: ""non-capsular dehicent""",Knapp (2002),,
Hyoscyamus_leptocalyx,Dry,,,"Note: ""non-capsular dehicent""",Knapp (2002),,
Anisodus_acutangulus,Dry,,,"Note: ""non-capsular dehicent""",Knapp (2002),,
Anisodus_luridus,Dry,,,"Note: ""non-capsular dehicent""",Knapp (2002),,
Anisodus_carniolicoides,Dry,,,"Note: ""non-capsular dehicent""",Knapp (2002),,
Anisodus_tanguticus,Dry,,,"Note: ""non-capsular dehicent""",Knapp (2002),,
Atropa_belladonna,Fleshy,,Berry,,Knapp (2002),,
Atropa_komarovii,Fleshy,,Berry,,Knapp (2002),,
Jaborosa_sativa,Fleshy,,Berry,,Knapp (2002),,
Jaborosa_squarrosa,Fleshy,,Berry,,Knapp (2002),,
Jaborosa_integrifolia,Fleshy,,Berry,,Knapp (2002),,
Latua_pubiflora,Fleshy,,Berry,,Knapp (2002),,
Nicotiana_eastii,Dry,,Capsule,,Knapp (2002),,
Nicotiana_suaveolens,Dry,,Capsule,,Knapp (2002),,
Nicotiana_exigua,Dry,,Capsule,,Knapp (2002),,
Nicotiana_amplexicaulis,Dry,,Capsule,,Knapp (2002),,
Nicotiana_excelsior,Dry,,Capsule,,Knapp (2002),,
Nicotiana_maritima,Dry,,Capsule,,Knapp (2002),,
Nicotiana_rosulata,Dry,,Capsule,,Knapp (2002),,
Nicotiana_velutina,Dry,,Capsule,,Knapp (2002),,
Nicotiana_rotundifolia,Dry,,Capsule,,Knapp (2002),,
Nicotiana_goodspeedii,Dry,,Capsule,,Knapp (2002),,
Nicotiana_gossei,Dry,,Capsule,,Knapp (2002),,
Nicotiana_cavicola,Dry,,Capsule,,Knapp (2002),,
Nicotiana_megalosiphon,Dry,,Capsule,,Knapp (2002),,
Nicotiana_simulans,Dry,,Capsule,,Knapp (2002),,
Nicotiana_umbratica,Dry,,Capsule,,Knapp (2002),,
Nicotiana_occidentalis,Dry,,Capsule,,Knapp (2002),,
Nicotiana_forsteri,Dry,,Capsule,,Knapp (2002),,
Nicotiana_noctiflora,Dry,,Capsule,,Knapp (2002),,
Nicotiana_petunioides,Dry,,Capsule,,Knapp (2002),,
Nicotiana_glauca,Dry,,Capsule,,Knapp (2002),,
Nicotiana_acaulis,Dry,,Capsule,,Knapp (2002),,
Nicotiana_africana,Dry,,Capsule,,Knapp (2002),,
Nicotiana_picilla,Dry,,Capsule,,Knapp (2002),,
Nicotiana_plumbaginifolia,Dry,,Capsule,,Knapp (2002),,
Nicotiana_longiflora,Dry,,Capsule,,Knapp (2002),,
Nicotiana_bonariensis,Dry,,Capsule,,Knapp (2002),,
Nicotiana_forgetiana,Dry,,Capsule,,Knapp (2002),,
Nicotiana_alata,Dry,,Capsule,,Knapp (2002),,
Nicotiana_langsdorffii,Dry,,Capsule,,Knapp (2002),,
Nicotiana_nesophila,Dry,,Capsule,,Knapp (2002),,
Nicotiana_stocktonii,Dry,,Capsule,,Knapp (2002),,
Nicotiana_repanda,Dry,,Capsule,,Knapp (2002),,
Nicotiana_nudicaulis,Dry,,Capsule,,Knapp (2002),,
Nicotiana_sylvestris,Dry,,Capsule,,Knapp (2002),,
Nicotiana_acuminata,Dry,,Capsule,,Knapp (2002),,
Nicotiana_pauciflora,Dry,,Capsule,,Knapp (2002),,
Nicotiana_corymbosa,Dry,,Capsule,,Knapp (2002),,
Nicotiana_miersii,Dry,,Capsule,,Knapp (2002),,
Nicotiana_linearis,Dry,,Capsule,,Knapp (2002),,
Nicotiana_spegazzinii,Dry,,Capsule,,Knapp (2002),,
Nicotiana_obtusifolia,Dry,,Capsule,,Knapp (2002),,
Nicotiana_palmeri,Dry,,Capsule,,Knapp (2002),,
Nicotiana_trigonophylla,Dry,,Capsule,,Knapp (2002),,
Nicotiana_quadrivalvis,Dry,,Capsule,,Knapp (2002),,
Nicotiana_clevelandii,Dry,,Capsule,,Knapp (2002),,
Nicotiana_knightiana,Dry,,Capsule,,Knapp (2002),,
Nicotiana_rustica,Dry,,Capsule,,Knapp (2002),,
Nicotiana_paniculata,Dry,,Capsule,,Knapp (2002),,
Nicotiana_cordifolia,Dry,,Capsule,,Knapp (2002),,
Nicotiana_solanifolia,Dry,,Capsule,,Knapp (2002),,
Nicotiana_benavidesii,Dry,,Capsule,,Knapp (2002),,
Nicotiana_raimondii,Dry,,Capsule,,Knapp (2002),,
Nicotiana_arentsii,Dry,,Capsule,,Knapp (2002),,
Nicotiana_undulata,Dry,,Capsule,,Knapp (2002),,
Nicotiana_glutinosa,Dry,,Capsule,,Knapp (2002),,
Nicotiana_thyrsiflora,Dry,,Capsule,,Knapp (2002),,
Nicotiana_wigandioides,Dry,,Capsule,,Knapp (2002),,
Nicotiana_tomentosa,Dry,,Capsule,,Knapp (2002),,
Nicotiana_tomentosiformis,Dry,,Capsule,,Knapp (2002),,
Nicotiana_kawakamii,Dry,,Capsule,,Knapp (2002),,
Nicotiana_otophora,Dry,,Capsule,,Knapp (2002),,
Nicotiana_digluta,Dry,,Capsule,,Knapp (2002),,
Nicotiana_tabacum,Dry,,Capsule,,Knapp (2002),,
Cyphanthera_albicans,Dry,,Capsule,,Knapp (2002),,
Duboisia_myoporoides,Fleshy,,Berry,,Knapp (2002),,
Duboisia_hopwoodii,Fleshy,,Berry,,Knapp (2002),,
Duboisia_leichhardtii,Fleshy,,Berry,,Knapp (2002),,
Cyphanthera_anthocercidea,Dry,,Capsule,,Knapp (2002),,
Crenidium_spinescens,Dry,,Capsule,,Knapp (2002),,
Cyphanthera_microphylla,Dry,,Capsule,,Knapp (2002),,
Anthocercis_myosotidea,Dry,,Capsule,,Knapp (2002),,
Anthocercis_racemosa,Dry,,Capsule,,Knapp (2002),,
Anthotroche_blackii,Dry,,Capsule,,Knapp (2002),,
Anthotroche_myoporoides,Dry,,Capsule,,Knapp (2002),,
Anthotroche_pannosa,Dry,,Capsule,,Knapp (2002),,
Anthotroche_walcottii,Dry,,Capsule,,Knapp (2002),,
Grammosolen_dixonii,Dry,,Capsule,,Knapp (2002),,
Grammosolen_truncatus,Dry,,Capsule,,Knapp (2002),,
Cyphanthera_odgersii,Dry,,Capsule,,Knapp (2002),,
Anthocercis_angustifolia,Dry,,Capsule,,Knapp (2002),,
Anthocercis_viscosa,Dry,,Capsule,,Knapp (2002),,
Anthocercis_intricata,Dry,,Capsule,,Knapp (2002),,
Anthocercis_sylvicola,Dry,,Capsule,,Knapp (2002),,
Anthocercis_ilicifolia,Dry,,Capsule,,Knapp (2002),,
Anthocercis_littorea,Dry,,Capsule,,Knapp (2002),,
Anthocercis_gracilis,Dry,,Capsule,,Knapp (2002),,
Symonanthus_aromaticus,Dry,,Capsule,,Knapp (2002),,
Symonanthus_bancroftii,Dry,,Capsule,,Knapp (2002),,
Nierembergia_andina,Dry,,Capsule,,Knapp (2002),,
Nierembergia_ericoides,Dry,,Capsule,,Knapp (2002),,
Nierembergia_scoparia,Dry,,Capsule,,Knapp (2002),,
Nierembergia_linariifolia,Dry,,Capsule,,Knapp (2002),,
Nierembergia_boliviana,Dry,,Capsule,,Knapp (2002),,
Nierembergia_pulchella,Dry,,Capsule,,Knapp (2002),,
Nierembergia_browallioides,Dry,,Capsule,,Knapp (2002),,
Nierembergia_tucumanensis,Dry,,Capsule,,Knapp (2002),,
Nierembergia_calycina,Dry,,Capsule,,Knapp (2002),,
Nierembergia_hippomanica,Dry,,Capsule,,Knapp (2002),,
Nierembergia_angustifolia,Dry,,Capsule,,Knapp (2002),,
Nierembergia_veitchii,Dry,,Capsule,,Knapp (2002),,
Nierembergia_aristata,Dry,,Capsule,,Knapp (2002),,
Nierembergia_graveolens,Dry,,Capsule,,Knapp (2002),,
Nierembergia_pinifolia,Dry,,Capsule,,Knapp (2002),,
Nierembergia_repens,Dry,,Capsule,,Knapp (2002),,
Nierembergia_spathulata,Dry,,Capsule,,Knapp (2002),,
Nierembergia_rivularis,Dry,,Capsule,,Knapp (2002),,
Nierembergia_rigida,Dry,,Capsule,,Knapp (2002),,
Nierembergia_hatschbachii,Dry,,Capsule,,Knapp (2002),,
Nierembergia_micrantha,Dry,,Capsule,,Knapp (2002),,
Bouchetia_anomala,Dry,,Capsule,,Knapp (2002),,
Bouchetia_erecta,Dry,,Capsule,,Knapp (2002),,
Hunzikeria_texana,Dry,,Capsule,,Knapp (2002),,
Plowmania_nyctaginoides,Dry,,Capsule,,Knapp (2002),,
Leptoglossis_darcyana,Dry,,Capsule,,Knapp (2002),,
Brunfelsia_americana,Dry,,Capsule,,Knapp (2002),,
Brunfelsia_uniflora,Dry,,Capsule,,Knapp (2002),,
Petunia_reitzii,Dry,,Capsule,,Knapp (2002),,
Petunia_saxicola,Dry,,Capsule,,Knapp (2002),,
Petunia_altiplana,Dry,,Capsule,,Knapp (2002),,
Petunia_secreta,Dry,,Capsule,,Knapp (2002),,
Petunia_bonjardinensis,Dry,,Capsule,,Knapp (2002),,
Petunia_scheideana,Dry,,Capsule,,Knapp (2002),,
Petunia_mantiqueirensis,Dry,,Capsule,,Knapp (2002),,
Petunia_integrifolia,Dry,,Capsule,,Knapp (2002),,
Petunia_littoralis,Dry,,Capsule,,Knapp (2002),,
Petunia_axillaris,Dry,,Capsule,,Knapp (2002),,
Petunia_exserta,Dry,,Capsule,,Knapp (2002),,
Calibrachoa_parviflora,Dry,,Capsule,,Knapp (2002),,
Calibrachoa_pygmaea,Dry,,Capsule,,Knapp (2002),,
Calibrachoa_sellowiana,Dry,,Capsule,,Knapp (2002),,
Fabiana_imbricata,Dry,,Capsule,,Knapp (2002),,
Schizanthus_integrifolius,Dry,,Capsule,,Knapp (2002),,
Schizanthus_lacteus,Dry,,Capsule,,Knapp (2002),,
Schizanthus_candidus,Dry,,Capsule,,Knapp (2002),,
Schizanthus_alpestris,Dry,,Capsule,,Knapp (2002),,
Schizanthus_grahamii,Dry,,Capsule,,Knapp (2002),,
Schizanthus_hookeri,Dry,,Capsule,,Knapp (2002),,
Schizanthus_parvulus,Dry,,Capsule,,Knapp (2002),,
Schizanthus_tricolor,Dry,,Capsule,,Knapp (2002),,
Schizanthus_pinnatus,Dry,,Capsule,,Knapp (2002),,
Schizanthus_litoralis,Dry,,Capsule,,Knapp (2002),,
Schizanthus_porrigens,Dry,,Capsule,,Knapp (2002),,
Schizanthus_laetus,Dry,,Capsule,,Knapp (2002),,
Goetzea_ekmanii,Fleshy,,Drupe,"Note: ""fleshy, usually round to pyriform, shiny orange drupe""",Knapp (2002); Santiago-Valentin and Olmstead (2003),,
Goetzea_elegans,Fleshy,,Drupe,"Note: ""fleshy, usually round to pyriform, shiny orange drupe""",Knapp (2002); Santiago-Valentin and Olmstead (2003),,
Espadaea_amoena,Fleshy,,Drupe,"Note: ""fleshy, usually round to pyriform, shiny orange drupe""",Knapp (2002); Santiago-Valentin and Olmstead (2003),,
Coeloneurum_ferrugineum,Fleshy,,Drupe,"Note: ""fleshy, usually round to pyriform, shiny orange drupe""",Knapp (2002); Santiago-Valentin and Olmstead (2003),,
Henoonia_myrtifolia,Fleshy,,Drupe,"Note: ""fleshy, usually round to pyriform, shiny orange drupe""",Knapp (2002); Santiago-Valentin and Olmstead (2003),,
Metternichia_princeps,Dry,,Capsule,,Knapp (2002),,
Metternichia_sp,Dry,,Capsule,,Knapp (2002),,
Tsoala_tubiflora,Dry,,,"Note: ""a woody capsule""",D'Arcy (1992),,
Reyesia_sp,Dry,,Capsule,,Knapp (2002),,
Duckeodendron_cestroides,Fleshy,,Drupe,Note: possibly dispersed by large monkeys or extinct megafauna,"Knapp (2002), Cramer et al.,(2007)",,
Heteranthia_decipiens,Dry,,Capsule,,Knapp (2002),,
Melananthus_guatemalensis,Dry,,Capsule,,Knapp (2002),,
Schwenckia_glabrata,Dry,,Capsule,,Knapp (2002),,
Schwenckia_lateriflora,Dry,,Capsule,,Knapp (2002),,
Cestrum_laxum,Fleshy,,Berry,,Knapp (2002),,
Cestrum_oblongifolium,Fleshy,,Berry,,Knapp (2002),,
Cestrum_miradorense,Fleshy,,Berry,,Knapp (2002),,
Cestrum_thyrsoideum,Fleshy,,Berry,,Knapp (2002),,
Cestrum_virgaurea,Fleshy,,Berry,,Knapp (2002),,
Cestrum_elegans,Fleshy,,Berry,,Knapp (2002),,
Cestrum_roseum,Fleshy,,Berry,,Knapp (2002),,
Cestrum_endlicheri,Fleshy,,Berry,,Knapp (2002),,
Cestrum_fasciculatum,Fleshy,,Berry,,Knapp (2002),,
Cestrum_aurantiacum,Fleshy,,Berry,,Knapp (2002),,
Cestrum_regelii,Fleshy,,Berry,,Knapp (2002),,
Cestrum_nocturnum,Fleshy,,Berry,,Knapp (2002),,
Cestrum_dasyanthum,Fleshy,,Berry,,Knapp (2002),,
Cestrum_pacayense,Fleshy,,Berry,,Knapp (2002),,
Cestrum_guatemalense,Fleshy,,Berry,,Knapp (2002),,
Cestrum_fulvescens,Fleshy,,Berry,,Knapp (2002),,
Cestrum_luteovirescens,Fleshy,,Berry,,Knapp (2002),,
Cestrum_chiriquianum,Fleshy,,Berry,,Knapp (2002),,
Cestrum_fragile,Fleshy,,Berry,,Knapp (2002),,
Cestrum_irazuense,Fleshy,,Berry,,Knapp (2002),,
Cestrum_tuerckheimii,Fleshy,,Berry,,Knapp (2002),,
Cestrum_violaceum,Fleshy,,Berry,,Knapp (2002),,
Cestrum_sphaerocarpum,Fleshy,,Berry,,Knapp (2002),,
Cestrum_mortonianum,Fleshy,,Berry,,Knapp (2002),,
Cestrum_acutifolium,Fleshy,,Berry,,Knapp (2002),,
Cestrum_milciomejiae,Fleshy,,Berry,,Knapp (2002),,
Cestrum_glanduliferum,Fleshy,,Berry,,Knapp (2002),,
Cestrum_tomentosum,Fleshy,,Berry,,Knapp (2002),,
Cestrum_inclusum,Fleshy,,Berry,,Knapp (2002),,
Cestrum_poasanum,Fleshy,,Berry,,Knapp (2002),,
Cestrum_diurnum,Fleshy,,Berry,,Knapp (2002),,
Cestrum_macrophyllum,Fleshy,,Berry,,Knapp (2002),,
Cestrum_pittieri,Fleshy,,Berry,,Knapp (2002),,
Cestrum_megalophyllum,Fleshy,,Berry,,Knapp (2002),,
Cestrum_strigilatum,Fleshy,,Berry,,Knapp (2002),,
Cestrum_rigidum,Fleshy,,Berry,,Knapp (2002),,
Vestia_foetida,Dry,,Capsule,,Knapp (2002),,
Sessea_stipulata,Dry,,Capsule,,Knapp (2002),,
Sessea_vestita,Dry,,Capsule,,Knapp (2002),,
Sessea_corymbiflora,Dry,,Capsule,,Knapp (2002),,
Vestia_lycioides,Dry,,Capsule,,Knapp (2002),,
Browallia_speciosa,Dry,,Capsule,,Knapp (2002),,
Streptosolen_jamesonii,Dry,,Capsule,,Knapp (2002),,
Browallia_eludens,Dry,,Capsule,,Knapp (2002),,
Protoschwenkia_mandonii,Dry,,Capsule,,Knapp (2002),,
Salpiglossis_sinuata,Dry,,Capsule,,Knapp (2002),,
Benthamiella_patagonica,Dry,,Capsule,,Knapp (2002),,
Pantacantha_ameghinoi,Dry,,Capsule,,Knapp (2002),,
Benthamiella_skottsbergii,Dry,,Capsule,,Knapp (2002),,
Combera_paradoxa,Dry,,Capsule,,Knapp (2002),,
Ipomoea,remove,,remove,Note: outgroup,,,